A	filename	PSG filename
B	id1	subject identification
C	cyc_def_option	"Method used to split the sleep period in sleep cycles, it defines the criteria. I.e. : ""Minimum criteria""  ""Aeschbach 1993""  ""Feinberg 1979"""
D	cyc_def_include_soremp	Include a REM sleep periods (REMP) that occur within 15 minutes of sleep onset.
E	cyc_def_include_last_incomplete	Include the last sleep cycle even if the NREM period (NREMP) or REMP does not meet the minimum duration criteria.
F	cyc_def_rem_min	Minimum length without R stage to end the REMP.
G	cyc_def_first_nrem_min	Minimum length of the first NREMP in minutes.
H	cyc_def_mid_last_nrem_min	Minimum length of the middle and last NREMP in minutes.
I	cyc_def_last_nrem_valid_min	Minimum length of the NREMP in minutes to validate the last sleep cycle.
J	cyc_def_first_rem_min	Minimum length of the first REMP in minutes.
K	cyc_def_mid_rem_min	Minimum length of the middle REMP in minutes.
L	cyc_def_last_rem_min	Minimum length of the last REMP in minutes.
M	cyc_def_move_end_rem	"Move the end of the REMP to the start of the following NREMP, eliminating the temporal ""gap"" between 2 cycles."
N	cyc_def_sleep_stages	"List of valid stages used to define the sleep cycles:  ""N1, N2, N3, R"" or ""N2, N3, R"""
O	stage_sel	Sleep stages selection to detect slow waves in.
P	detect_excl_remp	Flag to exclude rem period from the slow wave detection.
Q	sw_event_name	Slow wave event name (specific to the detection algorithm).
R	filt_low_Hz	Low frequency of the bandpass filter (Hz).
S	filt_high_Hz	High frequency of the bandpass filter (Hz).
T	min_amp_pkpk_uV	Minimum peak-to-peak amplitude (uV).
U	min_neg_amp_uV	Minimum negative amplitude (uV).
V	min_neg_ms	Minimum duration of negative part of the slow wave (ms).
W	max_neg_ms	Maximum duration of negative part of the slow wave (ms).
X	min_pos_ms	Minimum duration of positive part of the slow wave (ms).
Y	max_pos_ms	Maximum duration of positive part of the slow wave (ms).
Z	artefact_group_name	List of groups and names of the artifact excluded from the detection
AA	chan_label	The label of the channel.
AB	chan_fs	The sampling rate (Hz) of the channel.
AC	cyc_count	Number of sleep cycles.
AD	recording_min	Recording duration (min) from lights off to lights on.
AE	sleep_period_min	Total period for detection - Duration (min) of the sleep period.
AF	total_N1_valid_min	Valid (no artifact) period for detection - Valid duration (min) of the sleep period in N1 stage minus the REM periods if excluded.
AG	total_N1_sw_count	Total - SW count in N1 stage.
AH	total_N1_sw_sec	Total - Average slow wave duration (s) in N1 stage.
AI	total_N1_pkpk_amp_uV	Total - Average slow wave peak-to-peak amplitude (uV) in N1 stage.
AJ	total_N1_freq_Hz	Total - Slow wave frequency (Hz) (inverse of the duration) in N1 stage.
AK	total_N1_neg_amp_uV	Total - Average slow wave negative peak amplitude (uV) in N1 stage.
AL	total_N1_neg_sec	Total - Average slow wave negative duration (s) in N1 stage.
AM	total_N1_neg_peak_sec	Total - Average slow wave duration (s) from onset to the negative peak in N1 stage.
AN	total_N1_pos_sec	Total - Average slow wave positive duration (s) in N1 stage.
AO	total_N1_pos_peak_sec	Total - Average slow wave duration (s) from onset to the positive peak in N1 stage.
AP	total_N1_slope_0_min	Total - Average slow wave slope (uV/s) from 0 crossing to the min of the negative component in N1 stage.
AQ	total_N1_slope_min_max	Total - Average slow wave slope (uV/s) from min to the max in N1 stage.
AR	total_N1_slope_max_0	Total - Average slow wave slope (uV/s) from max of positive to the 0 crossing in N1 stage.
AS	total_N1_trans_freq_Hz	Total -  Average slow wave transition frequency (Hz) in N1 stage.
AT	total_N1_sw_density	Total - Slow wave density (count/min) in N1 stage.
AU	total_N2_valid_min	Valid (no artifact) period for detection - Valid duration (min) of the sleep period in N2 stage minus the REM periods if excluded.
AV	total_N2_sw_count	Total - SW count in N2 stage.
AW	total_N2_sw_sec	Total - Average slow wave duration (s) in N2 stage.
AX	total_N2_pkpk_amp_uV	Total - Average slow wave peak-to-peak amplitude (uV) in N2 stage.
AY	total_N2_freq_Hz	Total - Slow wave frequency (Hz) (inverse of the duration) in N2 stage.
AZ	total_N2_neg_amp_uV	Total - Average slow wave negative peak amplitude (uV) in N2 stage.
BA	total_N2_neg_sec	Total - Average slow wave negative duration (s) in N2 stage.
BB	total_N2_neg_peak_sec	Total - Average slow wave duration (s) from onset to the negative peak in N2 stage.
BC	total_N2_pos_sec	Total - Average slow wave positive duration (s) in N2 stage.
BD	total_N2_pos_peak_sec	Total - Average slow wave duration (s) from onset to the positive peak in N2 stage.
BE	total_N2_slope_0_min	Total - Average slow wave slope (uV/s) from 0 crossing to the min of the negative component in N2 stage.
BF	total_N2_slope_min_max	Total - Average slow wave slope (uV/s) from min to the max in N2 stage.
BG	total_N2_slope_max_0	Total - Average slow wave slope (uV/s) from max of positive to the 0 crossing in N2 stage.
BH	total_N2_trans_freq_Hz	Total -  Average slow wave transition frequency (Hz) in N2 stage.
BI	total_N2_sw_density	Total - Slow wave density (count/min) in N2 stage.
BJ	total_N3_valid_min	Valid (no artifact) period for detection - Valid duration (min) of the sleep period in N3 stage minus the REM periods if excluded.
BK	total_N3_sw_count	Total - SW count in N3 stage.
BL	total_N3_sw_sec	Total - Average slow wave duration (s) in N3 stage.
BM	total_N3_pkpk_amp_uV	Total - Average slow wave peak-to-peak amplitude (uV) in N3 stage.
BN	total_N3_freq_Hz	Total - Slow wave frequency (Hz) (inverse of the duration) in N3 stage.
BO	total_N3_neg_amp_uV	Total - Average slow wave negative peak amplitude (uV) in N3 stage.
BP	total_N3_neg_sec	Total - Average slow wave negative duration (s) in N3 stage.
BQ	total_N3_neg_peak_sec	Total - Average slow wave duration (s) from onset to the negative peak in N3 stage.
BR	total_N3_pos_sec	Total - Average slow wave positive duration (s) in N3 stage.
BS	total_N3_pos_peak_sec	Total - Average slow wave duration (s) from onset to the positive peak in N3 stage.
BT	total_N3_slope_0_min	Total - Average slow wave slope (uV/s) from 0 crossing to the min of the negative component in N3 stage.
BU	total_N3_slope_min_max	Total - Average slow wave slope (uV/s) from min to the max in N3 stage.
BV	total_N3_slope_max_0	Total - Average slow wave slope (uV/s) from max of positive to the 0 crossing in N3 stage.
BW	total_N3_trans_freq_Hz	Total -  Average slow wave transition frequency (Hz) in N3 stage.
BX	total_N3_sw_density	Total - Slow wave density (count/min) in N3 stage.
BY	total_N2N3_valid_min	Valid (no artifact) period for detection - Valid duration (min) of the sleep period in N2 and N3 stage minus the REM periods if excluded.
BZ	total_N2N3_sw_count	Total - SW count in N2 and N3 stage.
CA	total_N2N3_sw_sec	Total - Average slow wave duration (s) in N2 and N3 stage.
CB	total_N2N3_pkpk_amp_uV	Total - Average slow wave peak-to-peak amplitude (uV) in N2 and N3 stage.
CC	total_N2N3_freq_Hz	Total - Slow wave frequency (Hz) (inverse of the duration) in N2 and N3 stage.
CD	total_N2N3_neg_amp_uV	Total - Average slow wave negative peak amplitude (uV) in N2 and N3 stage.
CE	total_N2N3_neg_sec	Total - Average slow wave negative duration (s) in N2 and N3 stage.
CF	total_N2N3_neg_peak_sec	Total - Average slow wave duration (s) from onset to the negative peak in N2 and N3 stage.
CG	total_N2N3_pos_sec	Total - Average slow wave positive duration (s) in N2 and N3 stage.
CH	total_N2N3_pos_peak_sec	Total - Average slow wave duration (s) from onset to the positive peak in N2 and N3 stage.
CI	total_N2N3_slope_0_min	Total - Average slow wave slope (uV/s) from 0 crossing to the min of the negative component in N2 and N3 stage.
CJ	total_N2N3_slope_min_max	Total - Average slow wave slope (uV/s) from min to the max in N2 and N3 stage.
CK	total_N2N3_slope_max_0	Total - Average slow wave slope (uV/s) from max of positive to the 0 crossing in N2 and N3 stage.
CL	total_N2N3_trans_freq_Hz	Total -  Average slow wave transition frequency (Hz) in N2 and N3 stage.
CM	total_N2N3_sw_density	Total - Slow wave density (count/min) in N2 and N3 stage.
CN	total_NREM_valid_min	Valid (no artifact) period for detection - Valid duration (min) of the sleep period in NREM stage (N1, N2, N3) minus the REM periods if excluded.
CO	total_NREM_sw_count	Total - SW count in NREM stage (N1, N2, N3).
CP	total_NREM_sw_sec	Total - Average slow wave duration (s) in NREM stage (N1, N2, N3).
CQ	total_NREM_pkpk_amp_uV	Total - Average slow wave peak-to-peak amplitude (uV) in NREM stage (N1, N2, N3).
CR	total_NREM_freq_Hz	Total - Slow wave frequency (Hz) (inverse of the duration) in NREM stage (N1, N2, N3).
CS	total_NREM_neg_amp_uV	Total - Average slow wave negative peak amplitude (uV) in NREM stage (N1, N2, N3).
CT	total_NREM_neg_sec	Total - Average slow wave negative duration (s) in NREM stage (N1, N2, N3).
CU	total_NREM_neg_peak_sec	Total - Average slow wave duration (s) from onset to the negative peak in NREM stage (N1, N2, N3).
CV	total_NREM_pos_sec	Total - Average slow wave positive duration (s) in NREM stage (N1, N2, N3).
CW	total_NREM_pos_peak_sec	Total - Average slow wave duration (s) from onset to the positive peak in NREM stage (N1, N2, N3).
CX	total_NREM_slope_0_min	Total - Average slow wave slope (uV/s) from 0 crossing to the min of the negative component in NREM stage (N1, N2, N3).
CY	total_NREM_slope_min_max	Total - Average slow wave slope (uV/s) from min to the max in NREM stage (N1, N2, N3).
CZ	total_NREM_slope_max_0	Total - Average slow wave slope (uV/s) from max of positive to the 0 crossing in NREM stage (N1, N2, N3).
DA	total_NREM_trans_freq_Hz	Total -  Average slow wave transition frequency (Hz) in NREM stage (N1, N2, N3).
DB	total_NREM_sw_density	Total - Slow wave density (count/min) in NREM stage (N1, N2, N3).
DC	total_R_valid_min	Valid (no artifact) period for detection - Valid duration (min) of the sleep period in REM stage.
DD	total_R_sw_count	Total - SW count in REM stage.
DE	total_R_sw_sec	Total - Average slow wave duration (s) in REM stage.
DF	total_R_pkpk_amp_uV	Total - Average slow wave peak-to-peak amplitude (uV) in REM stage.
DG	total_R_freq_Hz	Total - Slow wave frequency (Hz) (inverse of the duration) in REM stage.
DH	total_R_neg_amp_uV	Total - Average slow wave negative peak amplitude (uV) in REM stage.
DI	total_R_neg_sec	Total - Average slow wave negative duration (s) in REM stage.
DJ	total_R_neg_peak_sec	Total - Average slow wave duration (s) from onset to the negative peak in REM stage.
DK	total_R_pos_sec	Total - Average slow wave positive duration (s) in REM stage.
DL	total_R_pos_peak_sec	Total - Average slow wave duration (s) from onset to the positive peak in REM stage.
DM	total_R_slope_0_min	Total - Average slow wave slope (uV/s) from 0 crossing to the min of the negative component in REM stage.
DN	total_R_slope_min_max	Total - Average slow wave slope (uV/s) from min to the max in REM stage.
DO	total_R_slope_max_0	Total - Average slow wave slope (uV/s) from max of positive to the 0 crossing in REM stage.
DP	total_R_trans_freq_Hz	Total -  Average slow wave transition frequency (Hz) in REM stage.
DQ	total_R_sw_density	Total - Slow wave density (count/min) in REM stage.
DR	total_valid_min	Valid (no artifact) period for detection - Valid duration (min) of the sleep stage selected minus thoses included in REM periods if remps are excluded.
DS	total_sw_count	Total - SW count in all stages.
DT	total_sw_sec	Total - Average slow wave duration (s)
DU	total_pkpk_amp_uV	Total - Average slow wave peak-to-peak amplitude (uV)
DV	total_freq_Hz	Total - Slow wave frequency (Hz) (inverse of the duration).
DW	total_neg_amp_uV	Total - Average slow wave negative peak amplitude (uV).
DX	total_neg_sec	Total - Average slow wave negative duration (s)
DY	total_neg_peak_sec	Total - Average slow wave duration (s) from onset to the negative peak
DZ	total_pos_sec	Total -  Average slow wave positive duration (s)
EA	total_pos_peak_sec	Total - Average slow wave duration (s) from onset to the positive peak
EB	total_slope_0_min	Total -  Average slow wave slope (uV/s) from 0 crossing to the min of the negative component.
EC	total_slope_min_max	Total -  Average slow wave slope (uV/s) from min to the max.
ED	total_slope_max_0	Total -  Average slow wave slope (uV/s) from max of positive to the 0 crossing.
EE	total_trans_freq_Hz	Total -   Average slow wave transition frequency (Hz)
EF	total_sw_density	Total - Slow wave density (count/min)
EG	cyc1_valid_min	Cycle 1 - Valid (no artifact) duration (min) available for detection minus the REM periods if excluded.
EH	cyc1_min	Cycle 1 duration (min) minus the REM periods if excluded.
EI	cyc1_sw_count	Cycle 1 - Slow wave count in all stages.
EJ	cyc1_sw_sec	Cycle 1 - Average slow wave duration (s)
EK	cyc1_pkpk_amp_uV	Cycle 1 - Average slow wave peak-to-peak amplitude (uV)
EL	cyc1_freq_Hz	Cycle 1 - Slow wave frequency (Hz) (inverse of the duration).
EM	cyc1_neg_amp_uV	Cycle 1 - Average slow wave negative peak amplitude (uV).
EN	cyc1_neg_sec	Cycle 1 - Average slow wave negative duration (s)
EO	cyc1_neg_peak_sec	Cycle 1 - Average slow wave duration (s) from onset to the negative peak
EP	cyc1_pos_sec	Cycle 1 -  Average slow wave positive duration (s)
EQ	cyc1_pos_peak_sec	Cycle 1 - Average slow wave duration (s) from onset to the positive peak
ER	cyc1_slope_0_min	Cycle 1 -  Average slow wave slope (uV/s) from 0 crossing to the min of the negative component.
ES	cyc1_slope_min_max	Cycle 1 -  Average slow wave slope (uV/s) from min to the max.
ET	cyc1_slope_max_0	Cycle 1 -  Average slow wave slope (uV/s) from max of positive to the 0 crossing.
EU	cyc1_trans_freq_Hz	Cycle 1 -   Average slow wave transition frequency (Hz)
EV	cyc1_sw_density	Cycle 1 - Slow wave density (count/min)
EW	cyc1_N1_valid_min	Cycle 1 - Valid (no artifact) duration (min) in N1 stage available for detection minus the REM periods if excluded.
EX	cyc1_N1_sw_count	Cycle 1 - Slow wave count in N1 stage.
EY	cyc1_N1_sw_sec	Cycle 1 - Average slow wave duration (s) in N1 stage.
EZ	cyc1_N1_pkpk_amp_uV	Cycle 1 - Average slow wave peak-to-peak amplitude (uV) in N1 stage.
FA	cyc1_N1_freq_Hz	Cycle 1 - Slow wave frequency (Hz) (inverse of the duration) in N1 stage.
FB	cyc1_N1_neg_amp_uV	Cycle 1 - Average slow wave negative peak amplitude (uV) in N1 stage.
FC	cyc1_N1_neg_sec	Cycle 1 - Average slow wave negative duration (s) in N1 stage.
FD	cyc1_N1_neg_peak_sec	Cycle 1 - Average slow wave duration (s) from onset to the negative peak in N1 stage.
FE	cyc1_N1_pos_sec	Cycle 1 - Average slow wave positive duration (s) in N1 stage.
FF	cyc1_N1_pos_peak_sec	Cycle 1 - Average slow wave duration (s) from onset to the positive peak in N1 stage.
FG	cyc1_N1_slope_0_min	Cycle 1 - Average slow wave slope (uV/s) from 0 crossing to the min of the negative component in N1 stage.
FH	cyc1_N1_slope_min_max	Cycle 1 - Average slow wave slope (uV/s) from min to the max in N1 stage.
FI	cyc1_N1_slope_max_0	Cycle 1 - Average slow wave slope (uV/s) from max of positive to the 0 crossing in N1 stage.
FJ	cyc1_N1_trans_freq_Hz	Cycle 1 -  Average slow wave transition frequency (Hz) in N1 stage.
FK	cyc1_N1_sw_density	Cycle 1 - Slow wave density (count/min) in N1 stage.
FL	cyc1_N2_valid_min	Cycle 1 - Valid (no artifact) duration (min) in N2 stage available for detection minus the REM periods if excluded.
FM	cyc1_N2_sw_count	Cycle 1 - Slow wave count in N2 stage.
FN	cyc1_N2_sw_sec	Cycle 1 - Average slow wave duration (s) in N2 stage.
FO	cyc1_N2_pkpk_amp_uV	Cycle 1 - Average slow wave peak-to-peak amplitude (uV) in N2 stage.
FP	cyc1_N2_freq_Hz	Cycle 1 - Slow wave frequency (Hz) (inverse of the duration) in N2 stage.
FQ	cyc1_N2_neg_amp_uV	Cycle 1 - Average slow wave negative peak amplitude (uV) in N2 stage.
FR	cyc1_N2_neg_sec	Cycle 1 - Average slow wave negative duration (s) in N2 stage.
FS	cyc1_N2_neg_peak_sec	Cycle 1 - Average slow wave duration (s) from onset to the negative peak in N2 stage.
FT	cyc1_N2_pos_sec	Cycle 1 - Average slow wave positive duration (s) in N2 stage.
FU	cyc1_N2_pos_peak_sec	Cycle 1 - Average slow wave duration (s) from onset to the positive peak in N2 stage.
FV	cyc1_N2_slope_0_min	Cycle 1 - Average slow wave slope (uV/s) from 0 crossing to the min of the negative component in N2 stage.
FW	cyc1_N2_slope_min_max	Cycle 1 - Average slow wave slope (uV/s) from min to the max in N2 stage.
FX	cyc1_N2_slope_max_0	Cycle 1 - Average slow wave slope (uV/s) from max of positive to the 0 crossing in N2 stage.
FY	cyc1_N2_trans_freq_Hz	Cycle 1 -  Average slow wave transition frequency (Hz) in N2 stage.
FZ	cyc1_N2_sw_density	Cycle 1 - Slow wave density (count/min) in N2 stage.
GA	cyc1_N3_valid_min	Cycle 1 - Valid (no artifact) duration (min) in N3 stage available for detection minus the REM periods if excluded.
GB	cyc1_N3_sw_count	Cycle 1 - Slow wave count in N3 stage.
GC	cyc1_N3_sw_sec	Cycle 1 - Average slow wave duration (s) in N3 stage.
GD	cyc1_N3_pkpk_amp_uV	Cycle 1 - Average slow wave peak-to-peak amplitude (uV) in N3 stage.
GE	cyc1_N3_freq_Hz	Cycle 1 - Slow wave frequency (Hz) (inverse of the duration) in N3 stage.
GF	cyc1_N3_neg_amp_uV	Cycle 1 - Average slow wave negative peak amplitude (uV) in N3 stage.
GG	cyc1_N3_neg_sec	Cycle 1 - Average slow wave negative duration (s) in N3 stage.
GH	cyc1_N3_neg_peak_sec	Cycle 1 - Average slow wave duration (s) from onset to the negative peak in N3 stage.
GI	cyc1_N3_pos_sec	Cycle 1 - Average slow wave positive duration (s) in N3 stage.
GJ	cyc1_N3_pos_peak_sec	Cycle 1 - Average slow wave duration (s) from onset to the positive peak in N3 stage.
GK	cyc1_N3_slope_0_min	Cycle 1 - Average slow wave slope (uV/s) from 0 crossing to the min of the negative component in N3 stage.
GL	cyc1_N3_slope_min_max	Cycle 1 - Average slow wave slope (uV/s) from min to the max in N3 stage.
GM	cyc1_N3_slope_max_0	Cycle 1 - Average slow wave slope (uV/s) from max of positive to the 0 crossing in N3 stage.
GN	cyc1_N3_trans_freq_Hz	Cycle 1 -  Average slow wave transition frequency (Hz) in N3 stage.
GO	cyc1_N3_sw_density	Cycle 1 - Slow wave density (count/min) in N3 stage.
GP	cyc1_N2N3_valid_min	Cycle 1 - Valid (no artifact) duration (min) in N2 and N3 stage available for detection minus the REM periods if excluded.
GQ	cyc1_N2N3_sw_count	Cycle 1 - Slow wave count in N2 and N3 stage.
GR	cyc1_N2N3_sw_sec	Cycle 1 - Average slow wave duration (s) in N2 and N3 stage.
GS	cyc1_N2N3_pkpk_amp_uV	Cycle 1 - Average slow wave peak-to-peak amplitude (uV) in N2 and N3 stage.
GT	cyc1_N2N3_freq_Hz	Cycle 1 - Slow wave frequency (Hz) (inverse of the duration) in N2 and N3 stage.
GU	cyc1_N2N3_neg_amp_uV	Cycle 1 - Average slow wave negative peak amplitude (uV) in N2 and N3 stage.
GV	cyc1_N2N3_neg_sec	Cycle 1 - Average slow wave negative duration (s) in N2 and N3 stage.
GW	cyc1_N2N3_neg_peak_sec	Cycle 1 - Average slow wave duration (s) from onset to the negative peak in N2 and N3 stage.
GX	cyc1_N2N3_pos_sec	Cycle 1 - Average slow wave positive duration (s) in N2 and N3 stage.
GY	cyc1_N2N3_pos_peak_sec	Cycle 1 - Average slow wave duration (s) from onset to the positive peak in N2 and N3 stage.
GZ	cyc1_N2N3_slope_0_min	Cycle 1 - Average slow wave slope (uV/s) from 0 crossing to the min of the negative component in N2 and N3 stage.
HA	cyc1_N2N3_slope_min_max	Cycle 1 - Average slow wave slope (uV/s) from min to the max in N2 and N3 stage.
HB	cyc1_N2N3_slope_max_0	Cycle 1 - Average slow wave slope (uV/s) from max of positive to the 0 crossing in N2 and N3 stage.
HC	cyc1_N2N3_trans_freq_Hz	Cycle 1 -  Average slow wave transition frequency (Hz) in N2 and N3 stage.
HD	cyc1_N2N3_sw_density	Cycle 1 - Slow wave density (count/min) in N2 and N3 stage.
HE	cyc1_NREM_valid_min	Cycle 1 - Valid (no artifact) duration (min) in NREM stage (N1, N2, N3) available for detection minus the REM periods if excluded.
HF	cyc1_NREM_sw_count	Cycle 1 - Slow wave count in NREM stage (N1, N2, N3).
HG	cyc1_NREM_sw_sec	Cycle 1 - Average slow wave duration (s) in NREM stage (N1, N2, N3).
HH	cyc1_NREM_pkpk_amp_uV	Cycle 1 - Average slow wave peak-to-peak amplitude (uV) in NREM stage (N1, N2, N3).
HI	cyc1_NREM_freq_Hz	Cycle 1 - Slow wave frequency (Hz) (inverse of the duration) in NREM stage (N1, N2, N3).
HJ	cyc1_NREM_neg_amp_uV	Cycle 1 - Average slow wave negative peak amplitude (uV) in NREM stage (N1, N2, N3).
HK	cyc1_NREM_neg_sec	Cycle 1 - Average slow wave negative duration (s) in NREM stage (N1, N2, N3).
HL	cyc1_NREM_neg_peak_sec	Cycle 1 - Average slow wave duration (s) from onset to the negative peak in NREM stage (N1, N2, N3).
HM	cyc1_NREM_pos_sec	Cycle 1 - Average slow wave positive duration (s) in NREM stage (N1, N2, N3).
HN	cyc1_NREM_pos_peak_sec	Cycle 1 - Average slow wave duration (s) from onset to the positive peak in NREM stage (N1, N2, N3).
HO	cyc1_NREM_slope_0_min	Cycle 1 - Average slow wave slope (uV/s) from 0 crossing to the min of the negative component in NREM stage (N1, N2, N3).
HP	cyc1_NREM_slope_min_max	Cycle 1 - Average slow wave slope (uV/s) from min to the max in NREM stage (N1, N2, N3).
HQ	cyc1_NREM_slope_max_0	Cycle 1 - Average slow wave slope (uV/s) from max of positive to the 0 crossing in NREM stage (N1, N2, N3).
HR	cyc1_NREM_trans_freq_Hz	Cycle 1 -  Average slow wave transition frequency (Hz) in NREM stage (N1, N2, N3).
HS	cyc1_NREM_sw_density	Cycle 1 - Slow wave density (count/min) in NREM stage (N1, N2, N3).
HT	cyc1_R_valid_min	Cycle 1 - Valid (no artifact) duration (min) in REM stage available for detection.
HU	cyc1_R_sw_count	Cycle 1 - Slow wave count in REM stage.
HV	cyc1_R_sw_sec	Cycle 1 - Average slow wave duration (s) in REM stage.
HW	cyc1_R_pkpk_amp_uV	Cycle 1 - Average slow wave peak-to-peak amplitude (uV) in REM stage.
HX	cyc1_R_freq_Hz	Cycle 1 - Slow wave frequency (Hz) (inverse of the duration) in REM stage.
HY	cyc1_R_neg_amp_uV	Cycle 1 - Average slow wave negative peak amplitude (uV) in REM stage.
HZ	cyc1_R_neg_sec	Cycle 1 - Average slow wave negative duration (s) in REM stage.
IA	cyc1_R_neg_peak_sec	Cycle 1 - Average slow wave duration (s) from onset to the negative peak in REM stage.
IB	cyc1_R_pos_sec	Cycle 1 - Average slow wave positive duration (s) in REM stage.
IC	cyc1_R_pos_peak_sec	Cycle 1 - Average slow wave duration (s) from onset to the positive peak in REM stage.
ID	cyc1_R_slope_0_min	Cycle 1 - Average slow wave slope (uV/s) from 0 crossing to the min of the negative component in REM stage.
IE	cyc1_R_slope_min_max	Cycle 1 - Average slow wave slope (uV/s) from min to the max in REM stage.
IF	cyc1_R_slope_max_0	Cycle 1 - Average slow wave slope (uV/s) from max of positive to the 0 crossing in REM stage.
IG	cyc1_R_trans_freq_Hz	Cycle 1 -  Average slow wave transition frequency (Hz) in REM stage.
IH	cyc1_R_sw_density	Cycle 1 - Slow wave density (count/min) in REM stage.
II	cyc2_valid_min	Cycle 2 - Valid (no artifact) duration (min) available for detection minus the REM periods if excluded.
IJ	cyc2_min	Cycle 2 duration (min) minus the REM periods if excluded.
IK	cyc2_sw_count	Cycle 2 - Slow wave count in all stages.
IL	cyc2_sw_sec	Cycle 2 - Average slow wave duration (s)
IM	cyc2_pkpk_amp_uV	Cycle 2 - Average slow wave peak-to-peak amplitude (uV)
IN	cyc2_freq_Hz	Cycle 2 - Slow wave frequency (Hz) (inverse of the duration).
IO	cyc2_neg_amp_uV	Cycle 2 - Average slow wave negative peak amplitude (uV).
IP	cyc2_neg_sec	Cycle 2 - Average slow wave negative duration (s)
IQ	cyc2_neg_peak_sec	Cycle 2 - Average slow wave duration (s) from onset to the negative peak
IR	cyc2_pos_sec	Cycle 2 -  Average slow wave positive duration (s)
IS	cyc2_pos_peak_sec	Cycle 2 - Average slow wave duration (s) from onset to the positive peak
IT	cyc2_slope_0_min	Cycle 2 -  Average slow wave slope (uV/s) from 0 crossing to the min of the negative component.
IU	cyc2_slope_min_max	Cycle 2 -  Average slow wave slope (uV/s) from min to the max.
IV	cyc2_slope_max_0	Cycle 2 -  Average slow wave slope (uV/s) from max of positive to the 0 crossing.
IW	cyc2_trans_freq_Hz	Cycle 2 -   Average slow wave transition frequency (Hz)
IX	cyc2_sw_density	Cycle 2 - Slow wave density (count/min)
IY	cyc2_N1_valid_min	Cycle 2 - Valid (no artifact) duration (min) in N1 stage available for detection minus the REM periods if excluded.
IZ	cyc2_N1_sw_count	Cycle 2 - Slow wave count in N1 stage.
JA	cyc2_N1_sw_sec	Cycle 2 - Average slow wave duration (s) in N1 stage.
JB	cyc2_N1_pkpk_amp_uV	Cycle 2 - Average slow wave peak-to-peak amplitude (uV) in N1 stage.
JC	cyc2_N1_freq_Hz	Cycle 2 - Slow wave frequency (Hz) (inverse of the duration) in N1 stage.
JD	cyc2_N1_neg_amp_uV	Cycle 2 - Average slow wave negative peak amplitude (uV) in N1 stage.
JE	cyc2_N1_neg_sec	Cycle 2 - Average slow wave negative duration (s) in N1 stage.
JF	cyc2_N1_neg_peak_sec	Cycle 2 - Average slow wave duration (s) from onset to the negative peak in N1 stage.
JG	cyc2_N1_pos_sec	Cycle 2 - Average slow wave positive duration (s) in N1 stage.
JH	cyc2_N1_pos_peak_sec	Cycle 2 - Average slow wave duration (s) from onset to the positive peak in N1 stage.
JI	cyc2_N1_slope_0_min	Cycle 2 - Average slow wave slope (uV/s) from 0 crossing to the min of the negative component in N1 stage.
JJ	cyc2_N1_slope_min_max	Cycle 2 - Average slow wave slope (uV/s) from min to the max in N1 stage.
JK	cyc2_N1_slope_max_0	Cycle 2 - Average slow wave slope (uV/s) from max of positive to the 0 crossing in N1 stage.
JL	cyc2_N1_trans_freq_Hz	Cycle 2 -  Average slow wave transition frequency (Hz) in N1 stage.
JM	cyc2_N1_sw_density	Cycle 2 - Slow wave density (count/min) in N1 stage.
JN	cyc2_N2_valid_min	Cycle 2 - Valid (no artifact) duration (min) in N2 stage available for detection minus the REM periods if excluded.
JO	cyc2_N2_sw_count	Cycle 2 - Slow wave count in N2 stage.
JP	cyc2_N2_sw_sec	Cycle 2 - Average slow wave duration (s) in N2 stage.
JQ	cyc2_N2_pkpk_amp_uV	Cycle 2 - Average slow wave peak-to-peak amplitude (uV) in N2 stage.
JR	cyc2_N2_freq_Hz	Cycle 2 - Slow wave frequency (Hz) (inverse of the duration) in N2 stage.
JS	cyc2_N2_neg_amp_uV	Cycle 2 - Average slow wave negative peak amplitude (uV) in N2 stage.
JT	cyc2_N2_neg_sec	Cycle 2 - Average slow wave negative duration (s) in N2 stage.
JU	cyc2_N2_neg_peak_sec	Cycle 2 - Average slow wave duration (s) from onset to the negative peak in N2 stage.
JV	cyc2_N2_pos_sec	Cycle 2 - Average slow wave positive duration (s) in N2 stage.
JW	cyc2_N2_pos_peak_sec	Cycle 2 - Average slow wave duration (s) from onset to the positive peak in N2 stage.
JX	cyc2_N2_slope_0_min	Cycle 2 - Average slow wave slope (uV/s) from 0 crossing to the min of the negative component in N2 stage.
JY	cyc2_N2_slope_min_max	Cycle 2 - Average slow wave slope (uV/s) from min to the max in N2 stage.
JZ	cyc2_N2_slope_max_0	Cycle 2 - Average slow wave slope (uV/s) from max of positive to the 0 crossing in N2 stage.
KA	cyc2_N2_trans_freq_Hz	Cycle 2 -  Average slow wave transition frequency (Hz) in N2 stage.
KB	cyc2_N2_sw_density	Cycle 2 - Slow wave density (count/min) in N2 stage.
KC	cyc2_N3_valid_min	Cycle 2 - Valid (no artifact) duration (min) in N3 stage available for detection minus the REM periods if excluded.
KD	cyc2_N3_sw_count	Cycle 2 - Slow wave count in N3 stage.
KE	cyc2_N3_sw_sec	Cycle 2 - Average slow wave duration (s) in N3 stage.
KF	cyc2_N3_pkpk_amp_uV	Cycle 2 - Average slow wave peak-to-peak amplitude (uV) in N3 stage.
KG	cyc2_N3_freq_Hz	Cycle 2 - Slow wave frequency (Hz) (inverse of the duration) in N3 stage.
KH	cyc2_N3_neg_amp_uV	Cycle 2 - Average slow wave negative peak amplitude (uV) in N3 stage.
KI	cyc2_N3_neg_sec	Cycle 2 - Average slow wave negative duration (s) in N3 stage.
KJ	cyc2_N3_neg_peak_sec	Cycle 2 - Average slow wave duration (s) from onset to the negative peak in N3 stage.
KK	cyc2_N3_pos_sec	Cycle 2 - Average slow wave positive duration (s) in N3 stage.
KL	cyc2_N3_pos_peak_sec	Cycle 2 - Average slow wave duration (s) from onset to the positive peak in N3 stage.
KM	cyc2_N3_slope_0_min	Cycle 2 - Average slow wave slope (uV/s) from 0 crossing to the min of the negative component in N3 stage.
KN	cyc2_N3_slope_min_max	Cycle 2 - Average slow wave slope (uV/s) from min to the max in N3 stage.
KO	cyc2_N3_slope_max_0	Cycle 2 - Average slow wave slope (uV/s) from max of positive to the 0 crossing in N3 stage.
KP	cyc2_N3_trans_freq_Hz	Cycle 2 -  Average slow wave transition frequency (Hz) in N3 stage.
KQ	cyc2_N3_sw_density	Cycle 2 - Slow wave density (count/min) in N3 stage.
KR	cyc2_N2N3_valid_min	Cycle 2 - Valid (no artifact) duration (min) in N2 and N3 stage available for detection minus the REM periods if excluded.
KS	cyc2_N2N3_sw_count	Cycle 2 - Slow wave count in N2 and N3 stage.
KT	cyc2_N2N3_sw_sec	Cycle 2 - Average slow wave duration (s) in N2 and N3 stage.
KU	cyc2_N2N3_pkpk_amp_uV	Cycle 2 - Average slow wave peak-to-peak amplitude (uV) in N2 and N3 stage.
KV	cyc2_N2N3_freq_Hz	Cycle 2 - Slow wave frequency (Hz) (inverse of the duration) in N2 and N3 stage.
KW	cyc2_N2N3_neg_amp_uV	Cycle 2 - Average slow wave negative peak amplitude (uV) in N2 and N3 stage.
KX	cyc2_N2N3_neg_sec	Cycle 2 - Average slow wave negative duration (s) in N2 and N3 stage.
KY	cyc2_N2N3_neg_peak_sec	Cycle 2 - Average slow wave duration (s) from onset to the negative peak in N2 and N3 stage.
KZ	cyc2_N2N3_pos_sec	Cycle 2 - Average slow wave positive duration (s) in N2 and N3 stage.
LA	cyc2_N2N3_pos_peak_sec	Cycle 2 - Average slow wave duration (s) from onset to the positive peak in N2 and N3 stage.
LB	cyc2_N2N3_slope_0_min	Cycle 2 - Average slow wave slope (uV/s) from 0 crossing to the min of the negative component in N2 and N3 stage.
LC	cyc2_N2N3_slope_min_max	Cycle 2 - Average slow wave slope (uV/s) from min to the max in N2 and N3 stage.
LD	cyc2_N2N3_slope_max_0	Cycle 2 - Average slow wave slope (uV/s) from max of positive to the 0 crossing in N2 and N3 stage.
LE	cyc2_N2N3_trans_freq_Hz	Cycle 2 -  Average slow wave transition frequency (Hz) in N2 and N3 stage.
LF	cyc2_N2N3_sw_density	Cycle 2 - Slow wave density (count/min) in N2 and N3 stage.
LG	cyc2_NREM_valid_min	Cycle 2 - Valid (no artifact) duration (min) in NREM stage (N1, N2, N3) available for detection minus the REM periods if excluded.
LH	cyc2_NREM_sw_count	Cycle 2 - Slow wave count in NREM stage (N1, N2, N3).
LI	cyc2_NREM_sw_sec	Cycle 2 - Average slow wave duration (s) in NREM stage (N1, N2, N3).
LJ	cyc2_NREM_pkpk_amp_uV	Cycle 2 - Average slow wave peak-to-peak amplitude (uV) in NREM stage (N1, N2, N3).
LK	cyc2_NREM_freq_Hz	Cycle 2 - Slow wave frequency (Hz) (inverse of the duration) in NREM stage (N1, N2, N3).
LL	cyc2_NREM_neg_amp_uV	Cycle 2 - Average slow wave negative peak amplitude (uV) in NREM stage (N1, N2, N3).
LM	cyc2_NREM_neg_sec	Cycle 2 - Average slow wave negative duration (s) in NREM stage (N1, N2, N3).
LN	cyc2_NREM_neg_peak_sec	Cycle 2 - Average slow wave duration (s) from onset to the negative peak in NREM stage (N1, N2, N3).
LO	cyc2_NREM_pos_sec	Cycle 2 - Average slow wave positive duration (s) in NREM stage (N1, N2, N3).
LP	cyc2_NREM_pos_peak_sec	Cycle 2 - Average slow wave duration (s) from onset to the positive peak in NREM stage (N1, N2, N3).
LQ	cyc2_NREM_slope_0_min	Cycle 2 - Average slow wave slope (uV/s) from 0 crossing to the min of the negative component in NREM stage (N1, N2, N3).
LR	cyc2_NREM_slope_min_max	Cycle 2 - Average slow wave slope (uV/s) from min to the max in NREM stage (N1, N2, N3).
LS	cyc2_NREM_slope_max_0	Cycle 2 - Average slow wave slope (uV/s) from max of positive to the 0 crossing in NREM stage (N1, N2, N3).
LT	cyc2_NREM_trans_freq_Hz	Cycle 2 -  Average slow wave transition frequency (Hz) in NREM stage (N1, N2, N3).
LU	cyc2_NREM_sw_density	Cycle 2 - Slow wave density (count/min) in NREM stage (N1, N2, N3).
LV	cyc2_R_valid_min	Cycle 2 - Valid (no artifact) duration (min) in REM stage available for detection.
LW	cyc2_R_sw_count	Cycle 2 - Slow wave count in REM stage.
LX	cyc2_R_sw_sec	Cycle 2 - Average slow wave duration (s) in REM stage.
LY	cyc2_R_pkpk_amp_uV	Cycle 2 - Average slow wave peak-to-peak amplitude (uV) in REM stage.
LZ	cyc2_R_freq_Hz	Cycle 2 - Slow wave frequency (Hz) (inverse of the duration) in REM stage.
MA	cyc2_R_neg_amp_uV	Cycle 2 - Average slow wave negative peak amplitude (uV) in REM stage.
MB	cyc2_R_neg_sec	Cycle 2 - Average slow wave negative duration (s) in REM stage.
MC	cyc2_R_neg_peak_sec	Cycle 2 - Average slow wave duration (s) from onset to the negative peak in REM stage.
MD	cyc2_R_pos_sec	Cycle 2 - Average slow wave positive duration (s) in REM stage.
ME	cyc2_R_pos_peak_sec	Cycle 2 - Average slow wave duration (s) from onset to the positive peak in REM stage.
MF	cyc2_R_slope_0_min	Cycle 2 - Average slow wave slope (uV/s) from 0 crossing to the min of the negative component in REM stage.
MG	cyc2_R_slope_min_max	Cycle 2 - Average slow wave slope (uV/s) from min to the max in REM stage.
MH	cyc2_R_slope_max_0	Cycle 2 - Average slow wave slope (uV/s) from max of positive to the 0 crossing in REM stage.
MI	cyc2_R_trans_freq_Hz	Cycle 2 -  Average slow wave transition frequency (Hz) in REM stage.
MJ	cyc2_R_sw_density	Cycle 2 - Slow wave density (count/min) in REM stage.
MK	cyc3_valid_min	Cycle 3 - Valid (no artifact) duration (min) available for detection minus the REM periods if excluded.
ML	cyc3_min	Cycle 3 duration (min) minus the REM periods if excluded.
MM	cyc3_sw_count	Cycle 3 - Slow wave count in all stages.
MN	cyc3_sw_sec	Cycle 3 - Average slow wave duration (s)
MO	cyc3_pkpk_amp_uV	Cycle 3 - Average slow wave peak-to-peak amplitude (uV)
MP	cyc3_freq_Hz	Cycle 3 - Slow wave frequency (Hz) (inverse of the duration).
MQ	cyc3_neg_amp_uV	Cycle 3 - Average slow wave negative peak amplitude (uV).
MR	cyc3_neg_sec	Cycle 3 - Average slow wave negative duration (s)
MS	cyc3_neg_peak_sec	Cycle 3 - Average slow wave duration (s) from onset to the negative peak
MT	cyc3_pos_sec	Cycle 3 -  Average slow wave positive duration (s)
MU	cyc3_pos_peak_sec	Cycle 3 - Average slow wave duration (s) from onset to the positive peak
MV	cyc3_slope_0_min	Cycle 3 -  Average slow wave slope (uV/s) from 0 crossing to the min of the negative component.
MW	cyc3_slope_min_max	Cycle 3 -  Average slow wave slope (uV/s) from min to the max.
MX	cyc3_slope_max_0	Cycle 3 -  Average slow wave slope (uV/s) from max of positive to the 0 crossing.
MY	cyc3_trans_freq_Hz	Cycle 3 -   Average slow wave transition frequency (Hz)
MZ	cyc3_sw_density	Cycle 3 - Slow wave density (count/min)
NA	cyc3_N1_valid_min	Cycle 3 - Valid (no artifact) duration (min) in N1 stage available for detection minus the REM periods if excluded.
NB	cyc3_N1_sw_count	Cycle 3 - Slow wave count in N1 stage.
NC	cyc3_N1_sw_sec	Cycle 3 - Average slow wave duration (s) in N1 stage.
ND	cyc3_N1_pkpk_amp_uV	Cycle 3 - Average slow wave peak-to-peak amplitude (uV) in N1 stage.
NE	cyc3_N1_freq_Hz	Cycle 3 - Slow wave frequency (Hz) (inverse of the duration) in N1 stage.
NF	cyc3_N1_neg_amp_uV	Cycle 3 - Average slow wave negative peak amplitude (uV) in N1 stage.
NG	cyc3_N1_neg_sec	Cycle 3 - Average slow wave negative duration (s) in N1 stage.
NH	cyc3_N1_neg_peak_sec	Cycle 3 - Average slow wave duration (s) from onset to the negative peak in N1 stage.
NI	cyc3_N1_pos_sec	Cycle 3 - Average slow wave positive duration (s) in N1 stage.
NJ	cyc3_N1_pos_peak_sec	Cycle 3 - Average slow wave duration (s) from onset to the positive peak in N1 stage.
NK	cyc3_N1_slope_0_min	Cycle 3 - Average slow wave slope (uV/s) from 0 crossing to the min of the negative component in N1 stage.
NL	cyc3_N1_slope_min_max	Cycle 3 - Average slow wave slope (uV/s) from min to the max in N1 stage.
NM	cyc3_N1_slope_max_0	Cycle 3 - Average slow wave slope (uV/s) from max of positive to the 0 crossing in N1 stage.
NN	cyc3_N1_trans_freq_Hz	Cycle 3 -  Average slow wave transition frequency (Hz) in N1 stage.
NO	cyc3_N1_sw_density	Cycle 3 - Slow wave density (count/min) in N1 stage.
NP	cyc3_N2_valid_min	Cycle 3 - Valid (no artifact) duration (min) in N2 stage available for detection minus the REM periods if excluded.
NQ	cyc3_N2_sw_count	Cycle 3 - Slow wave count in N2 stage.
NR	cyc3_N2_sw_sec	Cycle 3 - Average slow wave duration (s) in N2 stage.
NS	cyc3_N2_pkpk_amp_uV	Cycle 3 - Average slow wave peak-to-peak amplitude (uV) in N2 stage.
NT	cyc3_N2_freq_Hz	Cycle 3 - Slow wave frequency (Hz) (inverse of the duration) in N2 stage.
NU	cyc3_N2_neg_amp_uV	Cycle 3 - Average slow wave negative peak amplitude (uV) in N2 stage.
NV	cyc3_N2_neg_sec	Cycle 3 - Average slow wave negative duration (s) in N2 stage.
NW	cyc3_N2_neg_peak_sec	Cycle 3 - Average slow wave duration (s) from onset to the negative peak in N2 stage.
NX	cyc3_N2_pos_sec	Cycle 3 - Average slow wave positive duration (s) in N2 stage.
NY	cyc3_N2_pos_peak_sec	Cycle 3 - Average slow wave duration (s) from onset to the positive peak in N2 stage.
NZ	cyc3_N2_slope_0_min	Cycle 3 - Average slow wave slope (uV/s) from 0 crossing to the min of the negative component in N2 stage.
OA	cyc3_N2_slope_min_max	Cycle 3 - Average slow wave slope (uV/s) from min to the max in N2 stage.
OB	cyc3_N2_slope_max_0	Cycle 3 - Average slow wave slope (uV/s) from max of positive to the 0 crossing in N2 stage.
OC	cyc3_N2_trans_freq_Hz	Cycle 3 -  Average slow wave transition frequency (Hz) in N2 stage.
OD	cyc3_N2_sw_density	Cycle 3 - Slow wave density (count/min) in N2 stage.
OE	cyc3_N3_valid_min	Cycle 3 - Valid (no artifact) duration (min) in N3 stage available for detection minus the REM periods if excluded.
OF	cyc3_N3_sw_count	Cycle 3 - Slow wave count in N3 stage.
OG	cyc3_N3_sw_sec	Cycle 3 - Average slow wave duration (s) in N3 stage.
OH	cyc3_N3_pkpk_amp_uV	Cycle 3 - Average slow wave peak-to-peak amplitude (uV) in N3 stage.
OI	cyc3_N3_freq_Hz	Cycle 3 - Slow wave frequency (Hz) (inverse of the duration) in N3 stage.
OJ	cyc3_N3_neg_amp_uV	Cycle 3 - Average slow wave negative peak amplitude (uV) in N3 stage.
OK	cyc3_N3_neg_sec	Cycle 3 - Average slow wave negative duration (s) in N3 stage.
OL	cyc3_N3_neg_peak_sec	Cycle 3 - Average slow wave duration (s) from onset to the negative peak in N3 stage.
OM	cyc3_N3_pos_sec	Cycle 3 - Average slow wave positive duration (s) in N3 stage.
ON	cyc3_N3_pos_peak_sec	Cycle 3 - Average slow wave duration (s) from onset to the positive peak in N3 stage.
OO	cyc3_N3_slope_0_min	Cycle 3 - Average slow wave slope (uV/s) from 0 crossing to the min of the negative component in N3 stage.
OP	cyc3_N3_slope_min_max	Cycle 3 - Average slow wave slope (uV/s) from min to the max in N3 stage.
OQ	cyc3_N3_slope_max_0	Cycle 3 - Average slow wave slope (uV/s) from max of positive to the 0 crossing in N3 stage.
OR	cyc3_N3_trans_freq_Hz	Cycle 3 -  Average slow wave transition frequency (Hz) in N3 stage.
OS	cyc3_N3_sw_density	Cycle 3 - Slow wave density (count/min) in N3 stage.
OT	cyc3_N2N3_valid_min	Cycle 3 - Valid (no artifact) duration (min) in N2 and N3 stage available for detection minus the REM periods if excluded.
OU	cyc3_N2N3_sw_count	Cycle 3 - Slow wave count in N2 and N3 stage.
OV	cyc3_N2N3_sw_sec	Cycle 3 - Average slow wave duration (s) in N2 and N3 stage.
OW	cyc3_N2N3_pkpk_amp_uV	Cycle 3 - Average slow wave peak-to-peak amplitude (uV) in N2 and N3 stage.
OX	cyc3_N2N3_freq_Hz	Cycle 3 - Slow wave frequency (Hz) (inverse of the duration) in N2 and N3 stage.
OY	cyc3_N2N3_neg_amp_uV	Cycle 3 - Average slow wave negative peak amplitude (uV) in N2 and N3 stage.
OZ	cyc3_N2N3_neg_sec	Cycle 3 - Average slow wave negative duration (s) in N2 and N3 stage.
PA	cyc3_N2N3_neg_peak_sec	Cycle 3 - Average slow wave duration (s) from onset to the negative peak in N2 and N3 stage.
PB	cyc3_N2N3_pos_sec	Cycle 3 - Average slow wave positive duration (s) in N2 and N3 stage.
PC	cyc3_N2N3_pos_peak_sec	Cycle 3 - Average slow wave duration (s) from onset to the positive peak in N2 and N3 stage.
PD	cyc3_N2N3_slope_0_min	Cycle 3 - Average slow wave slope (uV/s) from 0 crossing to the min of the negative component in N2 and N3 stage.
PE	cyc3_N2N3_slope_min_max	Cycle 3 - Average slow wave slope (uV/s) from min to the max in N2 and N3 stage.
PF	cyc3_N2N3_slope_max_0	Cycle 3 - Average slow wave slope (uV/s) from max of positive to the 0 crossing in N2 and N3 stage.
PG	cyc3_N2N3_trans_freq_Hz	Cycle 3 -  Average slow wave transition frequency (Hz) in N2 and N3 stage.
PH	cyc3_N2N3_sw_density	Cycle 3 - Slow wave density (count/min) in N2 and N3 stage.
PI	cyc3_NREM_valid_min	Cycle 3 - Valid (no artifact) duration (min) in NREM stage (N1, N2, N3) available for detection minus the REM periods if excluded.
PJ	cyc3_NREM_sw_count	Cycle 3 - Slow wave count in NREM stage (N1, N2, N3).
PK	cyc3_NREM_sw_sec	Cycle 3 - Average slow wave duration (s) in NREM stage (N1, N2, N3).
PL	cyc3_NREM_pkpk_amp_uV	Cycle 3 - Average slow wave peak-to-peak amplitude (uV) in NREM stage (N1, N2, N3).
PM	cyc3_NREM_freq_Hz	Cycle 3 - Slow wave frequency (Hz) (inverse of the duration) in NREM stage (N1, N2, N3).
PN	cyc3_NREM_neg_amp_uV	Cycle 3 - Average slow wave negative peak amplitude (uV) in NREM stage (N1, N2, N3).
PO	cyc3_NREM_neg_sec	Cycle 3 - Average slow wave negative duration (s) in NREM stage (N1, N2, N3).
PP	cyc3_NREM_neg_peak_sec	Cycle 3 - Average slow wave duration (s) from onset to the negative peak in NREM stage (N1, N2, N3).
PQ	cyc3_NREM_pos_sec	Cycle 3 - Average slow wave positive duration (s) in NREM stage (N1, N2, N3).
PR	cyc3_NREM_pos_peak_sec	Cycle 3 - Average slow wave duration (s) from onset to the positive peak in NREM stage (N1, N2, N3).
PS	cyc3_NREM_slope_0_min	Cycle 3 - Average slow wave slope (uV/s) from 0 crossing to the min of the negative component in NREM stage (N1, N2, N3).
PT	cyc3_NREM_slope_min_max	Cycle 3 - Average slow wave slope (uV/s) from min to the max in NREM stage (N1, N2, N3).
PU	cyc3_NREM_slope_max_0	Cycle 3 - Average slow wave slope (uV/s) from max of positive to the 0 crossing in NREM stage (N1, N2, N3).
PV	cyc3_NREM_trans_freq_Hz	Cycle 3 -  Average slow wave transition frequency (Hz) in NREM stage (N1, N2, N3).
PW	cyc3_NREM_sw_density	Cycle 3 - Slow wave density (count/min) in NREM stage (N1, N2, N3).
PX	cyc3_R_valid_min	Cycle 3 - Valid (no artifact) duration (min) in REM stage available for detection.
PY	cyc3_R_sw_count	Cycle 3 - Slow wave count in REM stage.
PZ	cyc3_R_sw_sec	Cycle 3 - Average slow wave duration (s) in REM stage.
QA	cyc3_R_pkpk_amp_uV	Cycle 3 - Average slow wave peak-to-peak amplitude (uV) in REM stage.
QB	cyc3_R_freq_Hz	Cycle 3 - Slow wave frequency (Hz) (inverse of the duration) in REM stage.
QC	cyc3_R_neg_amp_uV	Cycle 3 - Average slow wave negative peak amplitude (uV) in REM stage.
QD	cyc3_R_neg_sec	Cycle 3 - Average slow wave negative duration (s) in REM stage.
QE	cyc3_R_neg_peak_sec	Cycle 3 - Average slow wave duration (s) from onset to the negative peak in REM stage.
QF	cyc3_R_pos_sec	Cycle 3 - Average slow wave positive duration (s) in REM stage.
QG	cyc3_R_pos_peak_sec	Cycle 3 - Average slow wave duration (s) from onset to the positive peak in REM stage.
QH	cyc3_R_slope_0_min	Cycle 3 - Average slow wave slope (uV/s) from 0 crossing to the min of the negative component in REM stage.
QI	cyc3_R_slope_min_max	Cycle 3 - Average slow wave slope (uV/s) from min to the max in REM stage.
QJ	cyc3_R_slope_max_0	Cycle 3 - Average slow wave slope (uV/s) from max of positive to the 0 crossing in REM stage.
QK	cyc3_R_trans_freq_Hz	Cycle 3 -  Average slow wave transition frequency (Hz) in REM stage.
QL	cyc3_R_sw_density	Cycle 3 - Slow wave density (count/min) in REM stage.
QM	cyc4_valid_min	Cycle 4 - Valid (no artifact) duration (min) available for detection minus the REM periods if excluded.
QN	cyc4_min	Cycle 4 duration (min) minus the REM periods if excluded.
QO	cyc4_sw_count	Cycle 4 - Slow wave count in all stages.
QP	cyc4_sw_sec	Cycle 4 - Average slow wave duration (s)
QQ	cyc4_pkpk_amp_uV	Cycle 4 - Average slow wave peak-to-peak amplitude (uV)
QR	cyc4_freq_Hz	Cycle 4 - Slow wave frequency (Hz) (inverse of the duration).
QS	cyc4_neg_amp_uV	Cycle 4 - Average slow wave negative peak amplitude (uV).
QT	cyc4_neg_sec	Cycle 4 - Average slow wave negative duration (s)
QU	cyc4_neg_peak_sec	Cycle 4 - Average slow wave duration (s) from onset to the negative peak
QV	cyc4_pos_sec	Cycle 4 -  Average slow wave positive duration (s)
QW	cyc4_pos_peak_sec	Cycle 4 - Average slow wave duration (s) from onset to the positive peak
QX	cyc4_slope_0_min	Cycle 4 -  Average slow wave slope (uV/s) from 0 crossing to the min of the negative component.
QY	cyc4_slope_min_max	Cycle 4 -  Average slow wave slope (uV/s) from min to the max.
QZ	cyc4_slope_max_0	Cycle 4 -  Average slow wave slope (uV/s) from max of positive to the 0 crossing.
RA	cyc4_trans_freq_Hz	Cycle 4 -   Average slow wave transition frequency (Hz)
RB	cyc4_sw_density	Cycle 4 - Slow wave density (count/min)
RC	cyc4_N1_valid_min	Cycle 4 - Valid (no artifact) duration (min) in N1 stage available for detection minus the REM periods if excluded.
RD	cyc4_N1_sw_count	Cycle 4 - Slow wave count in N1 stage.
RE	cyc4_N1_sw_sec	Cycle 4 - Average slow wave duration (s) in N1 stage.
RF	cyc4_N1_pkpk_amp_uV	Cycle 4 - Average slow wave peak-to-peak amplitude (uV) in N1 stage.
RG	cyc4_N1_freq_Hz	Cycle 4 - Slow wave frequency (Hz) (inverse of the duration) in N1 stage.
RH	cyc4_N1_neg_amp_uV	Cycle 4 - Average slow wave negative peak amplitude (uV) in N1 stage.
RI	cyc4_N1_neg_sec	Cycle 4 - Average slow wave negative duration (s) in N1 stage.
RJ	cyc4_N1_neg_peak_sec	Cycle 4 - Average slow wave duration (s) from onset to the negative peak in N1 stage.
RK	cyc4_N1_pos_sec	Cycle 4 - Average slow wave positive duration (s) in N1 stage.
RL	cyc4_N1_pos_peak_sec	Cycle 4 - Average slow wave duration (s) from onset to the positive peak in N1 stage.
RM	cyc4_N1_slope_0_min	Cycle 4 - Average slow wave slope (uV/s) from 0 crossing to the min of the negative component in N1 stage.
RN	cyc4_N1_slope_min_max	Cycle 4 - Average slow wave slope (uV/s) from min to the max in N1 stage.
RO	cyc4_N1_slope_max_0	Cycle 4 - Average slow wave slope (uV/s) from max of positive to the 0 crossing in N1 stage.
RP	cyc4_N1_trans_freq_Hz	Cycle 4 -  Average slow wave transition frequency (Hz) in N1 stage.
RQ	cyc4_N1_sw_density	Cycle 4 - Slow wave density (count/min) in N1 stage.
RR	cyc4_N2_valid_min	Cycle 4 - Valid (no artifact) duration (min) in N2 stage available for detection minus the REM periods if excluded.
RS	cyc4_N2_sw_count	Cycle 4 - Slow wave count in N2 stage.
RT	cyc4_N2_sw_sec	Cycle 4 - Average slow wave duration (s) in N2 stage.
RU	cyc4_N2_pkpk_amp_uV	Cycle 4 - Average slow wave peak-to-peak amplitude (uV) in N2 stage.
RV	cyc4_N2_freq_Hz	Cycle 4 - Slow wave frequency (Hz) (inverse of the duration) in N2 stage.
RW	cyc4_N2_neg_amp_uV	Cycle 4 - Average slow wave negative peak amplitude (uV) in N2 stage.
RX	cyc4_N2_neg_sec	Cycle 4 - Average slow wave negative duration (s) in N2 stage.
RY	cyc4_N2_neg_peak_sec	Cycle 4 - Average slow wave duration (s) from onset to the negative peak in N2 stage.
RZ	cyc4_N2_pos_sec	Cycle 4 - Average slow wave positive duration (s) in N2 stage.
SA	cyc4_N2_pos_peak_sec	Cycle 4 - Average slow wave duration (s) from onset to the positive peak in N2 stage.
SB	cyc4_N2_slope_0_min	Cycle 4 - Average slow wave slope (uV/s) from 0 crossing to the min of the negative component in N2 stage.
SC	cyc4_N2_slope_min_max	Cycle 4 - Average slow wave slope (uV/s) from min to the max in N2 stage.
SD	cyc4_N2_slope_max_0	Cycle 4 - Average slow wave slope (uV/s) from max of positive to the 0 crossing in N2 stage.
SE	cyc4_N2_trans_freq_Hz	Cycle 4 -  Average slow wave transition frequency (Hz) in N2 stage.
SF	cyc4_N2_sw_density	Cycle 4 - Slow wave density (count/min) in N2 stage.
SG	cyc4_N3_valid_min	Cycle 4 - Valid (no artifact) duration (min) in N3 stage available for detection minus the REM periods if excluded.
SH	cyc4_N3_sw_count	Cycle 4 - Slow wave count in N3 stage.
SI	cyc4_N3_sw_sec	Cycle 4 - Average slow wave duration (s) in N3 stage.
SJ	cyc4_N3_pkpk_amp_uV	Cycle 4 - Average slow wave peak-to-peak amplitude (uV) in N3 stage.
SK	cyc4_N3_freq_Hz	Cycle 4 - Slow wave frequency (Hz) (inverse of the duration) in N3 stage.
SL	cyc4_N3_neg_amp_uV	Cycle 4 - Average slow wave negative peak amplitude (uV) in N3 stage.
SM	cyc4_N3_neg_sec	Cycle 4 - Average slow wave negative duration (s) in N3 stage.
SN	cyc4_N3_neg_peak_sec	Cycle 4 - Average slow wave duration (s) from onset to the negative peak in N3 stage.
SO	cyc4_N3_pos_sec	Cycle 4 - Average slow wave positive duration (s) in N3 stage.
SP	cyc4_N3_pos_peak_sec	Cycle 4 - Average slow wave duration (s) from onset to the positive peak in N3 stage.
SQ	cyc4_N3_slope_0_min	Cycle 4 - Average slow wave slope (uV/s) from 0 crossing to the min of the negative component in N3 stage.
SR	cyc4_N3_slope_min_max	Cycle 4 - Average slow wave slope (uV/s) from min to the max in N3 stage.
SS	cyc4_N3_slope_max_0	Cycle 4 - Average slow wave slope (uV/s) from max of positive to the 0 crossing in N3 stage.
ST	cyc4_N3_trans_freq_Hz	Cycle 4 -  Average slow wave transition frequency (Hz) in N3 stage.
SU	cyc4_N3_sw_density	Cycle 4 - Slow wave density (count/min) in N3 stage.
SV	cyc4_N2N3_valid_min	Cycle 4 - Valid (no artifact) duration (min) in N2 and N3 stage available for detection minus the REM periods if excluded.
SW	cyc4_N2N3_sw_count	Cycle 4 - Slow wave count in N2 and N3 stage.
SX	cyc4_N2N3_sw_sec	Cycle 4 - Average slow wave duration (s) in N2 and N3 stage.
SY	cyc4_N2N3_pkpk_amp_uV	Cycle 4 - Average slow wave peak-to-peak amplitude (uV) in N2 and N3 stage.
SZ	cyc4_N2N3_freq_Hz	Cycle 4 - Slow wave frequency (Hz) (inverse of the duration) in N2 and N3 stage.
TA	cyc4_N2N3_neg_amp_uV	Cycle 4 - Average slow wave negative peak amplitude (uV) in N2 and N3 stage.
TB	cyc4_N2N3_neg_sec	Cycle 4 - Average slow wave negative duration (s) in N2 and N3 stage.
TC	cyc4_N2N3_neg_peak_sec	Cycle 4 - Average slow wave duration (s) from onset to the negative peak in N2 and N3 stage.
TD	cyc4_N2N3_pos_sec	Cycle 4 - Average slow wave positive duration (s) in N2 and N3 stage.
TE	cyc4_N2N3_pos_peak_sec	Cycle 4 - Average slow wave duration (s) from onset to the positive peak in N2 and N3 stage.
TF	cyc4_N2N3_slope_0_min	Cycle 4 - Average slow wave slope (uV/s) from 0 crossing to the min of the negative component in N2 and N3 stage.
TG	cyc4_N2N3_slope_min_max	Cycle 4 - Average slow wave slope (uV/s) from min to the max in N2 and N3 stage.
TH	cyc4_N2N3_slope_max_0	Cycle 4 - Average slow wave slope (uV/s) from max of positive to the 0 crossing in N2 and N3 stage.
TI	cyc4_N2N3_trans_freq_Hz	Cycle 4 -  Average slow wave transition frequency (Hz) in N2 and N3 stage.
TJ	cyc4_N2N3_sw_density	Cycle 4 - Slow wave density (count/min) in N2 and N3 stage.
TK	cyc4_NREM_valid_min	Cycle 4 - Valid (no artifact) duration (min) in NREM stage (N1, N2, N3) available for detection minus the REM periods if excluded.
TL	cyc4_NREM_sw_count	Cycle 4 - Slow wave count in NREM stage (N1, N2, N3).
TM	cyc4_NREM_sw_sec	Cycle 4 - Average slow wave duration (s) in NREM stage (N1, N2, N3).
TN	cyc4_NREM_pkpk_amp_uV	Cycle 4 - Average slow wave peak-to-peak amplitude (uV) in NREM stage (N1, N2, N3).
TO	cyc4_NREM_freq_Hz	Cycle 4 - Slow wave frequency (Hz) (inverse of the duration) in NREM stage (N1, N2, N3).
TP	cyc4_NREM_neg_amp_uV	Cycle 4 - Average slow wave negative peak amplitude (uV) in NREM stage (N1, N2, N3).
TQ	cyc4_NREM_neg_sec	Cycle 4 - Average slow wave negative duration (s) in NREM stage (N1, N2, N3).
TR	cyc4_NREM_neg_peak_sec	Cycle 4 - Average slow wave duration (s) from onset to the negative peak in NREM stage (N1, N2, N3).
TS	cyc4_NREM_pos_sec	Cycle 4 - Average slow wave positive duration (s) in NREM stage (N1, N2, N3).
TT	cyc4_NREM_pos_peak_sec	Cycle 4 - Average slow wave duration (s) from onset to the positive peak in NREM stage (N1, N2, N3).
TU	cyc4_NREM_slope_0_min	Cycle 4 - Average slow wave slope (uV/s) from 0 crossing to the min of the negative component in NREM stage (N1, N2, N3).
TV	cyc4_NREM_slope_min_max	Cycle 4 - Average slow wave slope (uV/s) from min to the max in NREM stage (N1, N2, N3).
TW	cyc4_NREM_slope_max_0	Cycle 4 - Average slow wave slope (uV/s) from max of positive to the 0 crossing in NREM stage (N1, N2, N3).
TX	cyc4_NREM_trans_freq_Hz	Cycle 4 -  Average slow wave transition frequency (Hz) in NREM stage (N1, N2, N3).
TY	cyc4_NREM_sw_density	Cycle 4 - Slow wave density (count/min) in NREM stage (N1, N2, N3).
TZ	cyc4_R_valid_min	Cycle 4 - Valid (no artifact) duration (min) in REM stage available for detection.
UA	cyc4_R_sw_count	Cycle 4 - Slow wave count in REM stage.
UB	cyc4_R_sw_sec	Cycle 4 - Average slow wave duration (s) in REM stage.
UC	cyc4_R_pkpk_amp_uV	Cycle 4 - Average slow wave peak-to-peak amplitude (uV) in REM stage.
UD	cyc4_R_freq_Hz	Cycle 4 - Slow wave frequency (Hz) (inverse of the duration) in REM stage.
UE	cyc4_R_neg_amp_uV	Cycle 4 - Average slow wave negative peak amplitude (uV) in REM stage.
UF	cyc4_R_neg_sec	Cycle 4 - Average slow wave negative duration (s) in REM stage.
UG	cyc4_R_neg_peak_sec	Cycle 4 - Average slow wave duration (s) from onset to the negative peak in REM stage.
UH	cyc4_R_pos_sec	Cycle 4 - Average slow wave positive duration (s) in REM stage.
UI	cyc4_R_pos_peak_sec	Cycle 4 - Average slow wave duration (s) from onset to the positive peak in REM stage.
UJ	cyc4_R_slope_0_min	Cycle 4 - Average slow wave slope (uV/s) from 0 crossing to the min of the negative component in REM stage.
UK	cyc4_R_slope_min_max	Cycle 4 - Average slow wave slope (uV/s) from min to the max in REM stage.
UL	cyc4_R_slope_max_0	Cycle 4 - Average slow wave slope (uV/s) from max of positive to the 0 crossing in REM stage.
UM	cyc4_R_trans_freq_Hz	Cycle 4 -  Average slow wave transition frequency (Hz) in REM stage.
UN	cyc4_R_sw_density	Cycle 4 - Slow wave density (count/min) in REM stage.
UO	cyc5_valid_min	Cycle 5 - Valid (no artifact) duration (min) available for detection minus the REM periods if excluded.
UP	cyc5_min	Cycle 5 duration (min) minus the REM periods if excluded.
UQ	cyc5_sw_count	Cycle 5 - Slow wave count in all stages.
UR	cyc5_sw_sec	Cycle 5 - Average slow wave duration (s)
US	cyc5_pkpk_amp_uV	Cycle 5 - Average slow wave peak-to-peak amplitude (uV)
UT	cyc5_freq_Hz	Cycle 5 - Slow wave frequency (Hz) (inverse of the duration).
UU	cyc5_neg_amp_uV	Cycle 5 - Average slow wave negative peak amplitude (uV).
UV	cyc5_neg_sec	Cycle 5 - Average slow wave negative duration (s)
UW	cyc5_neg_peak_sec	Cycle 5 - Average slow wave duration (s) from onset to the negative peak
UX	cyc5_pos_sec	Cycle 5 -  Average slow wave positive duration (s)
UY	cyc5_pos_peak_sec	Cycle 5 - Average slow wave duration (s) from onset to the positive peak
UZ	cyc5_slope_0_min	Cycle 5 -  Average slow wave slope (uV/s) from 0 crossing to the min of the negative component.
VA	cyc5_slope_min_max	Cycle 5 -  Average slow wave slope (uV/s) from min to the max.
VB	cyc5_slope_max_0	Cycle 5 -  Average slow wave slope (uV/s) from max of positive to the 0 crossing.
VC	cyc5_trans_freq_Hz	Cycle 5 -   Average slow wave transition frequency (Hz)
VD	cyc5_sw_density	Cycle 5 - Slow wave density (count/min)
VE	cyc5_N1_valid_min	Cycle 5 - Valid (no artifact) duration (min) in N1 stage available for detection minus the REM periods if excluded.
VF	cyc5_N1_sw_count	Cycle 5 - Slow wave count in N1 stage.
VG	cyc5_N1_sw_sec	Cycle 5 - Average slow wave duration (s) in N1 stage.
VH	cyc5_N1_pkpk_amp_uV	Cycle 5 - Average slow wave peak-to-peak amplitude (uV) in N1 stage.
VI	cyc5_N1_freq_Hz	Cycle 5 - Slow wave frequency (Hz) (inverse of the duration) in N1 stage.
VJ	cyc5_N1_neg_amp_uV	Cycle 5 - Average slow wave negative peak amplitude (uV) in N1 stage.
VK	cyc5_N1_neg_sec	Cycle 5 - Average slow wave negative duration (s) in N1 stage.
VL	cyc5_N1_neg_peak_sec	Cycle 5 - Average slow wave duration (s) from onset to the negative peak in N1 stage.
VM	cyc5_N1_pos_sec	Cycle 5 - Average slow wave positive duration (s) in N1 stage.
VN	cyc5_N1_pos_peak_sec	Cycle 5 - Average slow wave duration (s) from onset to the positive peak in N1 stage.
VO	cyc5_N1_slope_0_min	Cycle 5 - Average slow wave slope (uV/s) from 0 crossing to the min of the negative component in N1 stage.
VP	cyc5_N1_slope_min_max	Cycle 5 - Average slow wave slope (uV/s) from min to the max in N1 stage.
VQ	cyc5_N1_slope_max_0	Cycle 5 - Average slow wave slope (uV/s) from max of positive to the 0 crossing in N1 stage.
VR	cyc5_N1_trans_freq_Hz	Cycle 5 -  Average slow wave transition frequency (Hz) in N1 stage.
VS	cyc5_N1_sw_density	Cycle 5 - Slow wave density (count/min) in N1 stage.
VT	cyc5_N2_valid_min	Cycle 5 - Valid (no artifact) duration (min) in N2 stage available for detection minus the REM periods if excluded.
VU	cyc5_N2_sw_count	Cycle 5 - Slow wave count in N2 stage.
VV	cyc5_N2_sw_sec	Cycle 5 - Average slow wave duration (s) in N2 stage.
VW	cyc5_N2_pkpk_amp_uV	Cycle 5 - Average slow wave peak-to-peak amplitude (uV) in N2 stage.
VX	cyc5_N2_freq_Hz	Cycle 5 - Slow wave frequency (Hz) (inverse of the duration) in N2 stage.
VY	cyc5_N2_neg_amp_uV	Cycle 5 - Average slow wave negative peak amplitude (uV) in N2 stage.
VZ	cyc5_N2_neg_sec	Cycle 5 - Average slow wave negative duration (s) in N2 stage.
WA	cyc5_N2_neg_peak_sec	Cycle 5 - Average slow wave duration (s) from onset to the negative peak in N2 stage.
WB	cyc5_N2_pos_sec	Cycle 5 - Average slow wave positive duration (s) in N2 stage.
WC	cyc5_N2_pos_peak_sec	Cycle 5 - Average slow wave duration (s) from onset to the positive peak in N2 stage.
WD	cyc5_N2_slope_0_min	Cycle 5 - Average slow wave slope (uV/s) from 0 crossing to the min of the negative component in N2 stage.
WE	cyc5_N2_slope_min_max	Cycle 5 - Average slow wave slope (uV/s) from min to the max in N2 stage.
WF	cyc5_N2_slope_max_0	Cycle 5 - Average slow wave slope (uV/s) from max of positive to the 0 crossing in N2 stage.
WG	cyc5_N2_trans_freq_Hz	Cycle 5 -  Average slow wave transition frequency (Hz) in N2 stage.
WH	cyc5_N2_sw_density	Cycle 5 - Slow wave density (count/min) in N2 stage.
WI	cyc5_N3_valid_min	Cycle 5 - Valid (no artifact) duration (min) in N3 stage available for detection minus the REM periods if excluded.
WJ	cyc5_N3_sw_count	Cycle 5 - Slow wave count in N3 stage.
WK	cyc5_N3_sw_sec	Cycle 5 - Average slow wave duration (s) in N3 stage.
WL	cyc5_N3_pkpk_amp_uV	Cycle 5 - Average slow wave peak-to-peak amplitude (uV) in N3 stage.
WM	cyc5_N3_freq_Hz	Cycle 5 - Slow wave frequency (Hz) (inverse of the duration) in N3 stage.
WN	cyc5_N3_neg_amp_uV	Cycle 5 - Average slow wave negative peak amplitude (uV) in N3 stage.
WO	cyc5_N3_neg_sec	Cycle 5 - Average slow wave negative duration (s) in N3 stage.
WP	cyc5_N3_neg_peak_sec	Cycle 5 - Average slow wave duration (s) from onset to the negative peak in N3 stage.
WQ	cyc5_N3_pos_sec	Cycle 5 - Average slow wave positive duration (s) in N3 stage.
WR	cyc5_N3_pos_peak_sec	Cycle 5 - Average slow wave duration (s) from onset to the positive peak in N3 stage.
WS	cyc5_N3_slope_0_min	Cycle 5 - Average slow wave slope (uV/s) from 0 crossing to the min of the negative component in N3 stage.
WT	cyc5_N3_slope_min_max	Cycle 5 - Average slow wave slope (uV/s) from min to the max in N3 stage.
WU	cyc5_N3_slope_max_0	Cycle 5 - Average slow wave slope (uV/s) from max of positive to the 0 crossing in N3 stage.
WV	cyc5_N3_trans_freq_Hz	Cycle 5 -  Average slow wave transition frequency (Hz) in N3 stage.
WW	cyc5_N3_sw_density	Cycle 5 - Slow wave density (count/min) in N3 stage.
WX	cyc5_N2N3_valid_min	Cycle 5 - Valid (no artifact) duration (min) in N2 and N3 stage available for detection minus the REM periods if excluded.
WY	cyc5_N2N3_sw_count	Cycle 5 - Slow wave count in N2 and N3 stage.
WZ	cyc5_N2N3_sw_sec	Cycle 5 - Average slow wave duration (s) in N2 and N3 stage.
XA	cyc5_N2N3_pkpk_amp_uV	Cycle 5 - Average slow wave peak-to-peak amplitude (uV) in N2 and N3 stage.
XB	cyc5_N2N3_freq_Hz	Cycle 5 - Slow wave frequency (Hz) (inverse of the duration) in N2 and N3 stage.
XC	cyc5_N2N3_neg_amp_uV	Cycle 5 - Average slow wave negative peak amplitude (uV) in N2 and N3 stage.
XD	cyc5_N2N3_neg_sec	Cycle 5 - Average slow wave negative duration (s) in N2 and N3 stage.
XE	cyc5_N2N3_neg_peak_sec	Cycle 5 - Average slow wave duration (s) from onset to the negative peak in N2 and N3 stage.
XF	cyc5_N2N3_pos_sec	Cycle 5 - Average slow wave positive duration (s) in N2 and N3 stage.
XG	cyc5_N2N3_pos_peak_sec	Cycle 5 - Average slow wave duration (s) from onset to the positive peak in N2 and N3 stage.
XH	cyc5_N2N3_slope_0_min	Cycle 5 - Average slow wave slope (uV/s) from 0 crossing to the min of the negative component in N2 and N3 stage.
XI	cyc5_N2N3_slope_min_max	Cycle 5 - Average slow wave slope (uV/s) from min to the max in N2 and N3 stage.
XJ	cyc5_N2N3_slope_max_0	Cycle 5 - Average slow wave slope (uV/s) from max of positive to the 0 crossing in N2 and N3 stage.
XK	cyc5_N2N3_trans_freq_Hz	Cycle 5 -  Average slow wave transition frequency (Hz) in N2 and N3 stage.
XL	cyc5_N2N3_sw_density	Cycle 5 - Slow wave density (count/min) in N2 and N3 stage.
XM	cyc5_NREM_valid_min	Cycle 5 - Valid (no artifact) duration (min) in NREM stage (N1, N2, N3) available for detection minus the REM periods if excluded.
XN	cyc5_NREM_sw_count	Cycle 5 - Slow wave count in NREM stage (N1, N2, N3).
XO	cyc5_NREM_sw_sec	Cycle 5 - Average slow wave duration (s) in NREM stage (N1, N2, N3).
XP	cyc5_NREM_pkpk_amp_uV	Cycle 5 - Average slow wave peak-to-peak amplitude (uV) in NREM stage (N1, N2, N3).
XQ	cyc5_NREM_freq_Hz	Cycle 5 - Slow wave frequency (Hz) (inverse of the duration) in NREM stage (N1, N2, N3).
XR	cyc5_NREM_neg_amp_uV	Cycle 5 - Average slow wave negative peak amplitude (uV) in NREM stage (N1, N2, N3).
XS	cyc5_NREM_neg_sec	Cycle 5 - Average slow wave negative duration (s) in NREM stage (N1, N2, N3).
XT	cyc5_NREM_neg_peak_sec	Cycle 5 - Average slow wave duration (s) from onset to the negative peak in NREM stage (N1, N2, N3).
XU	cyc5_NREM_pos_sec	Cycle 5 - Average slow wave positive duration (s) in NREM stage (N1, N2, N3).
XV	cyc5_NREM_pos_peak_sec	Cycle 5 - Average slow wave duration (s) from onset to the positive peak in NREM stage (N1, N2, N3).
XW	cyc5_NREM_slope_0_min	Cycle 5 - Average slow wave slope (uV/s) from 0 crossing to the min of the negative component in NREM stage (N1, N2, N3).
XX	cyc5_NREM_slope_min_max	Cycle 5 - Average slow wave slope (uV/s) from min to the max in NREM stage (N1, N2, N3).
XY	cyc5_NREM_slope_max_0	Cycle 5 - Average slow wave slope (uV/s) from max of positive to the 0 crossing in NREM stage (N1, N2, N3).
XZ	cyc5_NREM_trans_freq_Hz	Cycle 5 -  Average slow wave transition frequency (Hz) in NREM stage (N1, N2, N3).
YA	cyc5_NREM_sw_density	Cycle 5 - Slow wave density (count/min) in NREM stage (N1, N2, N3).
YB	cyc5_R_valid_min	Cycle 5 - Valid (no artifact) duration (min) in REM stage available for detection.
YC	cyc5_R_sw_count	Cycle 5 - Slow wave count in REM stage.
YD	cyc5_R_sw_sec	Cycle 5 - Average slow wave duration (s) in REM stage.
YE	cyc5_R_pkpk_amp_uV	Cycle 5 - Average slow wave peak-to-peak amplitude (uV) in REM stage.
YF	cyc5_R_freq_Hz	Cycle 5 - Slow wave frequency (Hz) (inverse of the duration) in REM stage.
YG	cyc5_R_neg_amp_uV	Cycle 5 - Average slow wave negative peak amplitude (uV) in REM stage.
YH	cyc5_R_neg_sec	Cycle 5 - Average slow wave negative duration (s) in REM stage.
YI	cyc5_R_neg_peak_sec	Cycle 5 - Average slow wave duration (s) from onset to the negative peak in REM stage.
YJ	cyc5_R_pos_sec	Cycle 5 - Average slow wave positive duration (s) in REM stage.
YK	cyc5_R_pos_peak_sec	Cycle 5 - Average slow wave duration (s) from onset to the positive peak in REM stage.
YL	cyc5_R_slope_0_min	Cycle 5 - Average slow wave slope (uV/s) from 0 crossing to the min of the negative component in REM stage.
YM	cyc5_R_slope_min_max	Cycle 5 - Average slow wave slope (uV/s) from min to the max in REM stage.
YN	cyc5_R_slope_max_0	Cycle 5 - Average slow wave slope (uV/s) from max of positive to the 0 crossing in REM stage.
YO	cyc5_R_trans_freq_Hz	Cycle 5 -  Average slow wave transition frequency (Hz) in REM stage.
YP	cyc5_R_sw_density	Cycle 5 - Slow wave density (count/min) in REM stage.
YQ	cyc6_valid_min	Cycle 6 - Valid (no artifact) duration (min) available for detection minus the REM periods if excluded.
YR	cyc6_min	Cycle 6 duration (min) minus the REM periods if excluded.
YS	cyc6_sw_count	Cycle 6 - Slow wave count in all stages.
YT	cyc6_sw_sec	Cycle 6 - Average slow wave duration (s)
YU	cyc6_pkpk_amp_uV	Cycle 6 - Average slow wave peak-to-peak amplitude (uV)
YV	cyc6_freq_Hz	Cycle 6 - Slow wave frequency (Hz) (inverse of the duration).
YW	cyc6_neg_amp_uV	Cycle 6 - Average slow wave negative peak amplitude (uV).
YX	cyc6_neg_sec	Cycle 6 - Average slow wave negative duration (s)
YY	cyc6_neg_peak_sec	Cycle 6 - Average slow wave duration (s) from onset to the negative peak
YZ	cyc6_pos_sec	Cycle 6 -  Average slow wave positive duration (s)
ZA	cyc6_pos_peak_sec	Cycle 6 - Average slow wave duration (s) from onset to the positive peak
ZB	cyc6_slope_0_min	Cycle 6 -  Average slow wave slope (uV/s) from 0 crossing to the min of the negative component.
ZC	cyc6_slope_min_max	Cycle 6 -  Average slow wave slope (uV/s) from min to the max.
ZD	cyc6_slope_max_0	Cycle 6 -  Average slow wave slope (uV/s) from max of positive to the 0 crossing.
ZE	cyc6_trans_freq_Hz	Cycle 6 -   Average slow wave transition frequency (Hz)
ZF	cyc6_sw_density	Cycle 6 - Slow wave density (count/min)
ZG	cyc6_N1_valid_min	Cycle 6 - Valid (no artifact) duration (min) in N1 stage available for detection minus the REM periods if excluded.
ZH	cyc6_N1_sw_count	Cycle 6 - Slow wave count in N1 stage.
ZI	cyc6_N1_sw_sec	Cycle 6 - Average slow wave duration (s) in N1 stage.
ZJ	cyc6_N1_pkpk_amp_uV	Cycle 6 - Average slow wave peak-to-peak amplitude (uV) in N1 stage.
ZK	cyc6_N1_freq_Hz	Cycle 6 - Slow wave frequency (Hz) (inverse of the duration) in N1 stage.
ZL	cyc6_N1_neg_amp_uV	Cycle 6 - Average slow wave negative peak amplitude (uV) in N1 stage.
ZM	cyc6_N1_neg_sec	Cycle 6 - Average slow wave negative duration (s) in N1 stage.
ZN	cyc6_N1_neg_peak_sec	Cycle 6 - Average slow wave duration (s) from onset to the negative peak in N1 stage.
ZO	cyc6_N1_pos_sec	Cycle 6 - Average slow wave positive duration (s) in N1 stage.
ZP	cyc6_N1_pos_peak_sec	Cycle 6 - Average slow wave duration (s) from onset to the positive peak in N1 stage.
ZQ	cyc6_N1_slope_0_min	Cycle 6 - Average slow wave slope (uV/s) from 0 crossing to the min of the negative component in N1 stage.
ZR	cyc6_N1_slope_min_max	Cycle 6 - Average slow wave slope (uV/s) from min to the max in N1 stage.
ZS	cyc6_N1_slope_max_0	Cycle 6 - Average slow wave slope (uV/s) from max of positive to the 0 crossing in N1 stage.
ZT	cyc6_N1_trans_freq_Hz	Cycle 6 -  Average slow wave transition frequency (Hz) in N1 stage.
ZU	cyc6_N1_sw_density	Cycle 6 - Slow wave density (count/min) in N1 stage.
ZV	cyc6_N2_valid_min	Cycle 6 - Valid (no artifact) duration (min) in N2 stage available for detection minus the REM periods if excluded.
ZW	cyc6_N2_sw_count	Cycle 6 - Slow wave count in N2 stage.
ZX	cyc6_N2_sw_sec	Cycle 6 - Average slow wave duration (s) in N2 stage.
ZY	cyc6_N2_pkpk_amp_uV	Cycle 6 - Average slow wave peak-to-peak amplitude (uV) in N2 stage.
ZZ	cyc6_N2_freq_Hz	Cycle 6 - Slow wave frequency (Hz) (inverse of the duration) in N2 stage.
AAA	cyc6_N2_neg_amp_uV	Cycle 6 - Average slow wave negative peak amplitude (uV) in N2 stage.
AAB	cyc6_N2_neg_sec	Cycle 6 - Average slow wave negative duration (s) in N2 stage.
AAC	cyc6_N2_neg_peak_sec	Cycle 6 - Average slow wave duration (s) from onset to the negative peak in N2 stage.
AAD	cyc6_N2_pos_sec	Cycle 6 - Average slow wave positive duration (s) in N2 stage.
AAE	cyc6_N2_pos_peak_sec	Cycle 6 - Average slow wave duration (s) from onset to the positive peak in N2 stage.
AAF	cyc6_N2_slope_0_min	Cycle 6 - Average slow wave slope (uV/s) from 0 crossing to the min of the negative component in N2 stage.
AAG	cyc6_N2_slope_min_max	Cycle 6 - Average slow wave slope (uV/s) from min to the max in N2 stage.
AAH	cyc6_N2_slope_max_0	Cycle 6 - Average slow wave slope (uV/s) from max of positive to the 0 crossing in N2 stage.
AAI	cyc6_N2_trans_freq_Hz	Cycle 6 -  Average slow wave transition frequency (Hz) in N2 stage.
AAJ	cyc6_N2_sw_density	Cycle 6 - Slow wave density (count/min) in N2 stage.
AAK	cyc6_N3_valid_min	Cycle 6 - Valid (no artifact) duration (min) in N3 stage available for detection minus the REM periods if excluded.
AAL	cyc6_N3_sw_count	Cycle 6 - Slow wave count in N3 stage.
AAM	cyc6_N3_sw_sec	Cycle 6 - Average slow wave duration (s) in N3 stage.
AAN	cyc6_N3_pkpk_amp_uV	Cycle 6 - Average slow wave peak-to-peak amplitude (uV) in N3 stage.
AAO	cyc6_N3_freq_Hz	Cycle 6 - Slow wave frequency (Hz) (inverse of the duration) in N3 stage.
AAP	cyc6_N3_neg_amp_uV	Cycle 6 - Average slow wave negative peak amplitude (uV) in N3 stage.
AAQ	cyc6_N3_neg_sec	Cycle 6 - Average slow wave negative duration (s) in N3 stage.
AAR	cyc6_N3_neg_peak_sec	Cycle 6 - Average slow wave duration (s) from onset to the negative peak in N3 stage.
AAS	cyc6_N3_pos_sec	Cycle 6 - Average slow wave positive duration (s) in N3 stage.
AAT	cyc6_N3_pos_peak_sec	Cycle 6 - Average slow wave duration (s) from onset to the positive peak in N3 stage.
AAU	cyc6_N3_slope_0_min	Cycle 6 - Average slow wave slope (uV/s) from 0 crossing to the min of the negative component in N3 stage.
AAV	cyc6_N3_slope_min_max	Cycle 6 - Average slow wave slope (uV/s) from min to the max in N3 stage.
AAW	cyc6_N3_slope_max_0	Cycle 6 - Average slow wave slope (uV/s) from max of positive to the 0 crossing in N3 stage.
AAX	cyc6_N3_trans_freq_Hz	Cycle 6 -  Average slow wave transition frequency (Hz) in N3 stage.
AAY	cyc6_N3_sw_density	Cycle 6 - Slow wave density (count/min) in N3 stage.
AAZ	cyc6_N2N3_valid_min	Cycle 6 - Valid (no artifact) duration (min) in N2 and N3 stage available for detection minus the REM periods if excluded.
ABA	cyc6_N2N3_sw_count	Cycle 6 - Slow wave count in N2 and N3 stage.
ABB	cyc6_N2N3_sw_sec	Cycle 6 - Average slow wave duration (s) in N2 and N3 stage.
ABC	cyc6_N2N3_pkpk_amp_uV	Cycle 6 - Average slow wave peak-to-peak amplitude (uV) in N2 and N3 stage.
ABD	cyc6_N2N3_freq_Hz	Cycle 6 - Slow wave frequency (Hz) (inverse of the duration) in N2 and N3 stage.
ABE	cyc6_N2N3_neg_amp_uV	Cycle 6 - Average slow wave negative peak amplitude (uV) in N2 and N3 stage.
ABF	cyc6_N2N3_neg_sec	Cycle 6 - Average slow wave negative duration (s) in N2 and N3 stage.
ABG	cyc6_N2N3_neg_peak_sec	Cycle 6 - Average slow wave duration (s) from onset to the negative peak in N2 and N3 stage.
ABH	cyc6_N2N3_pos_sec	Cycle 6 - Average slow wave positive duration (s) in N2 and N3 stage.
ABI	cyc6_N2N3_pos_peak_sec	Cycle 6 - Average slow wave duration (s) from onset to the positive peak in N2 and N3 stage.
ABJ	cyc6_N2N3_slope_0_min	Cycle 6 - Average slow wave slope (uV/s) from 0 crossing to the min of the negative component in N2 and N3 stage.
ABK	cyc6_N2N3_slope_min_max	Cycle 6 - Average slow wave slope (uV/s) from min to the max in N2 and N3 stage.
ABL	cyc6_N2N3_slope_max_0	Cycle 6 - Average slow wave slope (uV/s) from max of positive to the 0 crossing in N2 and N3 stage.
ABM	cyc6_N2N3_trans_freq_Hz	Cycle 6 -  Average slow wave transition frequency (Hz) in N2 and N3 stage.
ABN	cyc6_N2N3_sw_density	Cycle 6 - Slow wave density (count/min) in N2 and N3 stage.
ABO	cyc6_NREM_valid_min	Cycle 6 - Valid (no artifact) duration (min) in NREM stage (N1, N2, N3) available for detection minus the REM periods if excluded.
ABP	cyc6_NREM_sw_count	Cycle 6 - Slow wave count in NREM stage (N1, N2, N3).
ABQ	cyc6_NREM_sw_sec	Cycle 6 - Average slow wave duration (s) in NREM stage (N1, N2, N3).
ABR	cyc6_NREM_pkpk_amp_uV	Cycle 6 - Average slow wave peak-to-peak amplitude (uV) in NREM stage (N1, N2, N3).
ABS	cyc6_NREM_freq_Hz	Cycle 6 - Slow wave frequency (Hz) (inverse of the duration) in NREM stage (N1, N2, N3).
ABT	cyc6_NREM_neg_amp_uV	Cycle 6 - Average slow wave negative peak amplitude (uV) in NREM stage (N1, N2, N3).
ABU	cyc6_NREM_neg_sec	Cycle 6 - Average slow wave negative duration (s) in NREM stage (N1, N2, N3).
ABV	cyc6_NREM_neg_peak_sec	Cycle 6 - Average slow wave duration (s) from onset to the negative peak in NREM stage (N1, N2, N3).
ABW	cyc6_NREM_pos_sec	Cycle 6 - Average slow wave positive duration (s) in NREM stage (N1, N2, N3).
ABX	cyc6_NREM_pos_peak_sec	Cycle 6 - Average slow wave duration (s) from onset to the positive peak in NREM stage (N1, N2, N3).
ABY	cyc6_NREM_slope_0_min	Cycle 6 - Average slow wave slope (uV/s) from 0 crossing to the min of the negative component in NREM stage (N1, N2, N3).
ABZ	cyc6_NREM_slope_min_max	Cycle 6 - Average slow wave slope (uV/s) from min to the max in NREM stage (N1, N2, N3).
ACA	cyc6_NREM_slope_max_0	Cycle 6 - Average slow wave slope (uV/s) from max of positive to the 0 crossing in NREM stage (N1, N2, N3).
ACB	cyc6_NREM_trans_freq_Hz	Cycle 6 -  Average slow wave transition frequency (Hz) in NREM stage (N1, N2, N3).
ACC	cyc6_NREM_sw_density	Cycle 6 - Slow wave density (count/min) in NREM stage (N1, N2, N3).
ACD	cyc6_R_valid_min	Cycle 6 - Valid (no artifact) duration (min) in REM stage available for detection.
ACE	cyc6_R_sw_count	Cycle 6 - Slow wave count in REM stage.
ACF	cyc6_R_sw_sec	Cycle 6 - Average slow wave duration (s) in REM stage.
ACG	cyc6_R_pkpk_amp_uV	Cycle 6 - Average slow wave peak-to-peak amplitude (uV) in REM stage.
ACH	cyc6_R_freq_Hz	Cycle 6 - Slow wave frequency (Hz) (inverse of the duration) in REM stage.
ACI	cyc6_R_neg_amp_uV	Cycle 6 - Average slow wave negative peak amplitude (uV) in REM stage.
ACJ	cyc6_R_neg_sec	Cycle 6 - Average slow wave negative duration (s) in REM stage.
ACK	cyc6_R_neg_peak_sec	Cycle 6 - Average slow wave duration (s) from onset to the negative peak in REM stage.
ACL	cyc6_R_pos_sec	Cycle 6 - Average slow wave positive duration (s) in REM stage.
ACM	cyc6_R_pos_peak_sec	Cycle 6 - Average slow wave duration (s) from onset to the positive peak in REM stage.
ACN	cyc6_R_slope_0_min	Cycle 6 - Average slow wave slope (uV/s) from 0 crossing to the min of the negative component in REM stage.
ACO	cyc6_R_slope_min_max	Cycle 6 - Average slow wave slope (uV/s) from min to the max in REM stage.
ACP	cyc6_R_slope_max_0	Cycle 6 - Average slow wave slope (uV/s) from max of positive to the 0 crossing in REM stage.
ACQ	cyc6_R_trans_freq_Hz	Cycle 6 -  Average slow wave transition frequency (Hz) in REM stage.
ACR	cyc6_R_sw_density	Cycle 6 - Slow wave density (count/min) in REM stage.
ACS	clock_h1_valid_min	Hour 1 - Valid (no artifact) duration (min) available for detection minus the REM periods if excluded.
ACT	clock_h1_min	Hour 1 duration (min) minus the REM periods if excluded.
ACU	clock_h1_sw_count	Hour 1 - Slow wave count in all stages.
ACV	clock_h1_sw_sec	Hour 1 - Average slow wave duration (s) in all stages.
ACW	clock_h1_pkpk_amp_uV	Hour 1 - Average slow wave peak-to-peak amplitude (µV) in all stages.
ACX	clock_h1_freq_Hz	Hour 1 - Average slow wave frequency (Hz) in all stages.
ACY	clock_h1_neg_amp_uV	Hour 1 - Average slow wave negative amplitude (µV) in all stages.
ACZ	clock_h1_neg_sec	Hour 1 - Average slow wave negative duration (s) in all stages.
ADA	clock_h1_neg_peak_sec	Hour 1 - Average slow wave duration (s) from onset to the negative peak in all stages.
ADB	clock_h1_pos_sec	Hour 1 - Average slow wave positive duration (s) in all stages.
ADC	clock_h1_pos_peak_sec	Hour 1 - Average slow wave duration (s) from onset to the positive peak in all stages.
ADD	clock_h1_slope_0_min	Hour 1 - Average slow wave slope (uV/s) from 0 to min of negative in all stages.
ADE	clock_h1_slope_min_max	Hour 1 - Average slow wave slope (uV/s) from min of negative to max of positive in all stages.
ADF	clock_h1_slope_max_0	Hour 1 - Average slow wave slope (uV/s) from max of positive to the 0 crossing in all stages.
ADG	clock_h1_trans_freq_Hz	Hour 1 - Average slow wave transition frequency (Hz) in all stages.
ADH	clock_h1_sw_density	Hour 1 - Slow wave density (count/min)
ADI	clock_h1_N1_valid_min	Hour 1 - Valid (no artifact) duration (min) in N1 stage available for detection minus the REM periods if excluded.
ADJ	clock_h1_N1_sw_count	Hour 1 - Slow wave count in N1 stage.
ADK	clock_h1_N1_sw_sec	Hour 1 - Average slow wave duration (s) in N1 stage.
ADL	clock_h1_N1_pkpk_amp_uV	Hour 1 - Average slow wave peak-to-peak amplitude (µV) in N1 stage.
ADM	clock_h1_N1_freq_Hz	Hour 1 - Average slow wave frequency (Hz) in N1 stage.
ADN	clock_h1_N1_neg_amp_uV	Hour 1 - Average slow wave negative amplitude (µV) in N1 stage.
ADO	clock_h1_N1_neg_sec	Hour 1 - Average slow wave negative duration (s) in N1 stage.
ADP	clock_h1_N1_neg_peak_sec	Hour 1 - Average slow wave duration (s) from onset to the negative peak in N1 stage.
ADQ	clock_h1_N1_pos_sec	Hour 1 - Average slow wave positive duration (s) in N1 stage.
ADR	clock_h1_N1_pos_peak_sec	Hour 1 - Average slow wave duration (s) from onset to the positive peak in N1 stage.
ADS	clock_h1_N1_slope_0_min	Hour 1 - Average slow wave slope (uV/s) from 0 to min of negative in N1 stage.
ADT	clock_h1_N1_slope_min_max	Hour 1 - Average slow wave slope (uV/s) from min of negative to max of positive in N1 stage.
ADU	clock_h1_N1_slope_max_0	Hour 1 - Average slow wave slope (uV/s) from max of positive to the 0 crossing in N1 stage.
ADV	clock_h1_N1_trans_freq_Hz	Hour 1 - Average slow wave transition frequency (Hz) in N1 stage.
ADW	clock_h1_N1_sw_density	Hour 1 - Slow wave density (count/min) in N1 stage.
ADX	clock_h1_N2_valid_min	Hour 1 - Valid (no artifact) duration (min) in N2 stage available for detection minus the REM periods if excluded.
ADY	clock_h1_N2_sw_count	Hour 1 - Slow wave count in N2 stage.
ADZ	clock_h1_N2_sw_sec	Hour 1 - Average slow wave duration (s) in N2 stage.
AEA	clock_h1_N2_pkpk_amp_uV	Hour 1 - Average slow wave peak-to-peak amplitude (µV) in N2 stage.
AEB	clock_h1_N2_freq_Hz	Hour 1 - Average slow wave frequency (Hz) in N2 stage.
AEC	clock_h1_N2_neg_amp_uV	Hour 1 - Average slow wave negative amplitude (µV) in N2 stage.
AED	clock_h1_N2_neg_sec	Hour 1 - Average slow wave negative duration (s) in N2 stage.
AEE	clock_h1_N2_neg_peak_sec	Hour 1 - Average slow wave duration (s) from onset to the negative peak in N2 stage.
AEF	clock_h1_N2_pos_sec	Hour 1 - Average slow wave positive duration (s) in N2 stage.
AEG	clock_h1_N2_pos_peak_sec	Hour 1 - Average slow wave duration (s) from onset to the positive peak in N2 stage.
AEH	clock_h1_N2_slope_0_min	Hour 1 - Average slow wave slope (uV/s) from 0 to min of negative in N2 stage.
AEI	clock_h1_N2_slope_min_max	Hour 1 - Average slow wave slope (uV/s) from min of negative to max of positive in N2 stage.
AEJ	clock_h1_N2_slope_max_0	Hour 1 - Average slow wave slope (uV/s) from max of positive to the 0 crossing in N2 stage.
AEK	clock_h1_N2_trans_freq_Hz	Hour 1 - Average slow wave transition frequency (Hz) in N2 stage.
AEL	clock_h1_N2_sw_density	Hour 1 - Slow wave density (count/min) in N2 stage.
AEM	clock_h1_N3_valid_min	Hour 1 - Valid (no artifact) duration (min) in N3 stage available for detection minus the REM periods if excluded.
AEN	clock_h1_N3_sw_count	Hour 1 - Slow wave count in N3 stage.
AEO	clock_h1_N3_sw_sec	Hour 1 - Average slow wave duration (s) in N3 stage.
AEP	clock_h1_N3_pkpk_amp_uV	Hour 1 - Average slow wave peak-to-peak amplitude (µV) in N3 stage.
AEQ	clock_h1_N3_freq_Hz	Hour 1 - Average slow wave frequency (Hz) in N3 stage.
AER	clock_h1_N3_neg_amp_uV	Hour 1 - Average slow wave negative amplitude (µV) in N3 stage.
AES	clock_h1_N3_neg_sec	Hour 1 - Average slow wave negative duration (s) in N3 stage.
AET	clock_h1_N3_neg_peak_sec	Hour 1 - Average slow wave duration (s) from onset to the negative peak in N3 stage.
AEU	clock_h1_N3_pos_sec	Hour 1 - Average slow wave positive duration (s) in N3 stage.
AEV	clock_h1_N3_pos_peak_sec	Hour 1 - Average slow wave duration (s) from onset to the positive peak in N3 stage.
AEW	clock_h1_N3_slope_0_min	Hour 1 - Average slow wave slope (uV/s) from 0 to min of negative in N3 stage.
AEX	clock_h1_N3_slope_min_max	Hour 1 - Average slow wave slope (uV/s) from min of negative to max of positive in N3 stage.
AEY	clock_h1_N3_slope_max_0	Hour 1 - Average slow wave slope (uV/s) from max of positive to the 0 crossing in N3 stage.
AEZ	clock_h1_N3_trans_freq_Hz	Hour 1 - Average slow wave transition frequency (Hz) in N3 stage.
AFA	clock_h1_N3_sw_density	Hour 1 - Slow wave density (count/min) in N3 stage.
AFB	clock_h1_N2N3_valid_min	Hour 1 - Valid (no artifact) duration (min) in N2 and N3 stage available for detection minus the REM periods if excluded.
AFC	clock_h1_N2N3_sw_count	Hour 1 - Slow wave count in N2 and N3 stage.
AFD	clock_h1_N2N3_sw_sec	Hour 1 - Average slow wave duration (s) in N2 and N3 stage.
AFE	clock_h1_N2N3_pkpk_amp_uV	Hour 1 - Average slow wave peak-to-peak amplitude (µV) in N2 and N3 stage.
AFF	clock_h1_N2N3_freq_Hz	Hour 1 - Average slow wave frequency (Hz) in N2 and N3 stage.
AFG	clock_h1_N2N3_neg_amp_uV	Hour 1 - Average slow wave negative amplitude (µV) in N2 and N3 stage.
AFH	clock_h1_N2N3_neg_sec	Hour 1 - Average slow wave negative duration (s) in N2 and N3 stage.
AFI	clock_h1_N2N3_neg_peak_sec	Hour 1 - Average slow wave duration (s) from onset to the negative peak in N2 and N3 stage.
AFJ	clock_h1_N2N3_pos_sec	Hour 1 - Average slow wave positive duration (s) in N2 and N3 stage.
AFK	clock_h1_N2N3_pos_peak_sec	Hour 1 - Average slow wave duration (s) from onset to the positive peak in N2 and N3 stage.
AFL	clock_h1_N2N3_slope_0_min	Hour 1 - Average slow wave slope (uV/s) from 0 to min of negative in N2 and N3 stage.
AFM	clock_h1_N2N3_slope_min_max	Hour 1 - Average slow wave slope (uV/s) from min of negative to max of positive in N2 and N3 stage.
AFN	clock_h1_N2N3_slope_max_0	Hour 1 - Average slow wave slope (uV/s) from max of positive to the 0 crossing in N2 and N3 stage.
AFO	clock_h1_N2N3_trans_freq_Hz	Hour 1 - Average slow wave transition frequency (Hz) in N2 and N3 stage.
AFP	clock_h1_N2N3_sw_density	Hour 1 - Slow wave density (count/min) in N2 and N3 stage.
AFQ	clock_h1_NREM_valid_min	Hour 1 - Valid (no artifact) duration (min) in NREM stage (N1, N2, N3) available for detection minus the REM periods if excluded.
AFR	clock_h1_NREM_sw_count	Hour 1 - Slow wave count in NREM stage (N1, N2, N3).
AFS	clock_h1_NREM_sw_sec	Hour 1 - Average slow wave duration (s) in NREM stage (N1, N2, N3).
AFT	clock_h1_NREM_pkpk_amp_uV	Hour 1 - Average slow wave peak-to-peak amplitude (µV) in NREM stage (N1, N2, N3).
AFU	clock_h1_NREM_freq_Hz	Hour 1 - Average slow wave frequency (Hz) in NREM stage (N1, N2, N3).
AFV	clock_h1_NREM_neg_amp_uV	Hour 1 - Average slow wave negative amplitude (µV) in NREM stage (N1, N2, N3).
AFW	clock_h1_NREM_neg_sec	Hour 1 - Average slow wave negative duration (s) in NREM stage (N1, N2, N3).
AFX	clock_h1_NREM_neg_peak_sec	Hour 1 - Average slow wave duration (s) from onset to the negative peak in NREM stage (N1, N2, N3).
AFY	clock_h1_NREM_pos_sec	Hour 1 - Average slow wave positive duration (s) in NREM stage (N1, N2, N3).
AFZ	clock_h1_NREM_pos_peak_sec	Hour 1 - Average slow wave duration (s) from onset to the positive peak in NREM stage (N1, N2, N3).
AGA	clock_h1_NREM_slope_0_min	Hour 1 - Average slow wave slope (uV/s) from 0 to min of negative in NREM stage (N1, N2, N3).
AGB	clock_h1_NREM_slope_min_max	Hour 1 - Average slow wave slope (uV/s) from min of negative to max of positive in NREM stage (N1, N2, N3).
AGC	clock_h1_NREM_slope_max_0	Hour 1 - Average slow wave slope (uV/s) from max of positive to the 0 crossing in NREM stage (N1, N2, N3).
AGD	clock_h1_NREM_trans_freq_Hz	Hour 1 - Average slow wave transition frequency (Hz) in NREM stage (N1, N2, N3).
AGE	clock_h1_NREM_sw_density	Hour 1 - Slow wave density (count/min) in NREM stage (N1, N2, N3).
AGF	clock_h1_R_valid_min	Hour 1 - Valid (no artifact) duration (min) in REM stage available for detection.
AGG	clock_h1_R_sw_count	Hour 1 - Slow wave count in REM stage.
AGH	clock_h1_R_sw_sec	Hour 1 - Average slow wave duration (s) in REM stage.
AGI	clock_h1_R_pkpk_amp_uV	Hour 1 - Average slow wave peak-to-peak amplitude (µV) in REM stage.
AGJ	clock_h1_R_freq_Hz	Hour 1 - Average slow wave frequency (Hz) in REM stage.
AGK	clock_h1_R_neg_amp_uV	Hour 1 - Average slow wave negative amplitude (µV) in REM stage.
AGL	clock_h1_R_neg_sec	Hour 1 - Average slow wave negative duration (s) in REM stage.
AGM	clock_h1_R_neg_peak_sec	Hour 1 - Average slow wave duration (s) from onset to the negative peak in REM stage.
AGN	clock_h1_R_pos_sec	Hour 1 - Average slow wave positive duration (s) in REM stage.
AGO	clock_h1_R_pos_peak_sec	Hour 1 - Average slow wave duration (s) from onset to the positive peak in REM stage.
AGP	clock_h1_R_slope_0_min	Hour 1 - Average slow wave slope (uV/s) from 0 to min of negative in REM stage.
AGQ	clock_h1_R_slope_min_max	Hour 1 - Average slow wave slope (uV/s) from min of negative to max of positive in REM stage.
AGR	clock_h1_R_slope_max_0	Hour 1 - Average slow wave slope (uV/s) from max of positive to the 0 crossing in REM stage.
AGS	clock_h1_R_trans_freq_Hz	Hour 1 - Average slow wave transition frequency (Hz) in REM stage.
AGT	clock_h1_R_sw_density	Hour 1 - Slow wave density (count/min) in REM stage.
AGU	clock_h2_valid_min	Hour 2 - Valid (no artifact) duration (min) available for detection minus the REM periods if excluded.
AGV	clock_h2_min	Hour 2 duration (min) minus the REM periods if excluded.
AGW	clock_h2_sw_count	Hour 2 - Slow wave count in all stages.
AGX	clock_h2_sw_sec	Hour 2 - Average slow wave duration (s) in all stages.
AGY	clock_h2_pkpk_amp_uV	Hour 2 - Average slow wave peak-to-peak amplitude (µV) in all stages.
AGZ	clock_h2_freq_Hz	Hour 2 - Average slow wave frequency (Hz) in all stages.
AHA	clock_h2_neg_amp_uV	Hour 2 - Average slow wave negative amplitude (µV) in all stages.
AHB	clock_h2_neg_sec	Hour 2 - Average slow wave negative duration (s) in all stages.
AHC	clock_h2_neg_peak_sec	Hour 2 - Average slow wave duration (s) from onset to the negative peak in all stages.
AHD	clock_h2_pos_sec	Hour 2 - Average slow wave positive duration (s) in all stages.
AHE	clock_h2_pos_peak_sec	Hour 2 - Average slow wave duration (s) from onset to the positive peak in all stages.
AHF	clock_h2_slope_0_min	Hour 2 - Average slow wave slope (uV/s) from 0 to min of negative in all stages.
AHG	clock_h2_slope_min_max	Hour 2 - Average slow wave slope (uV/s) from min of negative to max of positive in all stages.
AHH	clock_h2_slope_max_0	Hour 2 - Average slow wave slope (uV/s) from max of positive to the 0 crossing in all stages.
AHI	clock_h2_trans_freq_Hz	Hour 2 - Average slow wave transition frequency (Hz) in all stages.
AHJ	clock_h2_sw_density	Hour 2 - Slow wave density (count/min)
AHK	clock_h2_N1_valid_min	Hour 2 - Valid (no artifact) duration (min) in N1 stage available for detection minus the REM periods if excluded.
AHL	clock_h2_N1_sw_count	Hour 2 - Slow wave count in N1 stage.
AHM	clock_h2_N1_sw_sec	Hour 2 - Average slow wave duration (s) in N1 stage.
AHN	clock_h2_N1_pkpk_amp_uV	Hour 2 - Average slow wave peak-to-peak amplitude (µV) in N1 stage.
AHO	clock_h2_N1_freq_Hz	Hour 2 - Average slow wave frequency (Hz) in N1 stage.
AHP	clock_h2_N1_neg_amp_uV	Hour 2 - Average slow wave negative amplitude (µV) in N1 stage.
AHQ	clock_h2_N1_neg_sec	Hour 2 - Average slow wave negative duration (s) in N1 stage.
AHR	clock_h2_N1_neg_peak_sec	Hour 2 - Average slow wave duration (s) from onset to the negative peak in N1 stage.
AHS	clock_h2_N1_pos_sec	Hour 2 - Average slow wave positive duration (s) in N1 stage.
AHT	clock_h2_N1_pos_peak_sec	Hour 2 - Average slow wave duration (s) from onset to the positive peak in N1 stage.
AHU	clock_h2_N1_slope_0_min	Hour 2 - Average slow wave slope (uV/s) from 0 to min of negative in N1 stage.
AHV	clock_h2_N1_slope_min_max	Hour 2 - Average slow wave slope (uV/s) from min of negative to max of positive in N1 stage.
AHW	clock_h2_N1_slope_max_0	Hour 2 - Average slow wave slope (uV/s) from max of positive to the 0 crossing in N1 stage.
AHX	clock_h2_N1_trans_freq_Hz	Hour 2 - Average slow wave transition frequency (Hz) in N1 stage.
AHY	clock_h2_N1_sw_density	Hour 2 - Slow wave density (count/min) in N1 stage.
AHZ	clock_h2_N2_valid_min	Hour 2 - Valid (no artifact) duration (min) in N2 stage available for detection minus the REM periods if excluded.
AIA	clock_h2_N2_sw_count	Hour 2 - Slow wave count in N2 stage.
AIB	clock_h2_N2_sw_sec	Hour 2 - Average slow wave duration (s) in N2 stage.
AIC	clock_h2_N2_pkpk_amp_uV	Hour 2 - Average slow wave peak-to-peak amplitude (µV) in N2 stage.
AID	clock_h2_N2_freq_Hz	Hour 2 - Average slow wave frequency (Hz) in N2 stage.
AIE	clock_h2_N2_neg_amp_uV	Hour 2 - Average slow wave negative amplitude (µV) in N2 stage.
AIF	clock_h2_N2_neg_sec	Hour 2 - Average slow wave negative duration (s) in N2 stage.
AIG	clock_h2_N2_neg_peak_sec	Hour 2 - Average slow wave duration (s) from onset to the negative peak in N2 stage.
AIH	clock_h2_N2_pos_sec	Hour 2 - Average slow wave positive duration (s) in N2 stage.
AII	clock_h2_N2_pos_peak_sec	Hour 2 - Average slow wave duration (s) from onset to the positive peak in N2 stage.
AIJ	clock_h2_N2_slope_0_min	Hour 2 - Average slow wave slope (uV/s) from 0 to min of negative in N2 stage.
AIK	clock_h2_N2_slope_min_max	Hour 2 - Average slow wave slope (uV/s) from min of negative to max of positive in N2 stage.
AIL	clock_h2_N2_slope_max_0	Hour 2 - Average slow wave slope (uV/s) from max of positive to the 0 crossing in N2 stage.
AIM	clock_h2_N2_trans_freq_Hz	Hour 2 - Average slow wave transition frequency (Hz) in N2 stage.
AIN	clock_h2_N2_sw_density	Hour 2 - Slow wave density (count/min) in N2 stage.
AIO	clock_h2_N3_valid_min	Hour 2 - Valid (no artifact) duration (min) in N3 stage available for detection minus the REM periods if excluded.
AIP	clock_h2_N3_sw_count	Hour 2 - Slow wave count in N3 stage.
AIQ	clock_h2_N3_sw_sec	Hour 2 - Average slow wave duration (s) in N3 stage.
AIR	clock_h2_N3_pkpk_amp_uV	Hour 2 - Average slow wave peak-to-peak amplitude (µV) in N3 stage.
AIS	clock_h2_N3_freq_Hz	Hour 2 - Average slow wave frequency (Hz) in N3 stage.
AIT	clock_h2_N3_neg_amp_uV	Hour 2 - Average slow wave negative amplitude (µV) in N3 stage.
AIU	clock_h2_N3_neg_sec	Hour 2 - Average slow wave negative duration (s) in N3 stage.
AIV	clock_h2_N3_neg_peak_sec	Hour 2 - Average slow wave duration (s) from onset to the negative peak in N3 stage.
AIW	clock_h2_N3_pos_sec	Hour 2 - Average slow wave positive duration (s) in N3 stage.
AIX	clock_h2_N3_pos_peak_sec	Hour 2 - Average slow wave duration (s) from onset to the positive peak in N3 stage.
AIY	clock_h2_N3_slope_0_min	Hour 2 - Average slow wave slope (uV/s) from 0 to min of negative in N3 stage.
AIZ	clock_h2_N3_slope_min_max	Hour 2 - Average slow wave slope (uV/s) from min of negative to max of positive in N3 stage.
AJA	clock_h2_N3_slope_max_0	Hour 2 - Average slow wave slope (uV/s) from max of positive to the 0 crossing in N3 stage.
AJB	clock_h2_N3_trans_freq_Hz	Hour 2 - Average slow wave transition frequency (Hz) in N3 stage.
AJC	clock_h2_N3_sw_density	Hour 2 - Slow wave density (count/min) in N3 stage.
AJD	clock_h2_N2N3_valid_min	Hour 2 - Valid (no artifact) duration (min) in N2 and N3 stage available for detection minus the REM periods if excluded.
AJE	clock_h2_N2N3_sw_count	Hour 2 - Slow wave count in N2 and N3 stage.
AJF	clock_h2_N2N3_sw_sec	Hour 2 - Average slow wave duration (s) in N2 and N3 stage.
AJG	clock_h2_N2N3_pkpk_amp_uV	Hour 2 - Average slow wave peak-to-peak amplitude (µV) in N2 and N3 stage.
AJH	clock_h2_N2N3_freq_Hz	Hour 2 - Average slow wave frequency (Hz) in N2 and N3 stage.
AJI	clock_h2_N2N3_neg_amp_uV	Hour 2 - Average slow wave negative amplitude (µV) in N2 and N3 stage.
AJJ	clock_h2_N2N3_neg_sec	Hour 2 - Average slow wave negative duration (s) in N2 and N3 stage.
AJK	clock_h2_N2N3_neg_peak_sec	Hour 2 - Average slow wave duration (s) from onset to the negative peak in N2 and N3 stage.
AJL	clock_h2_N2N3_pos_sec	Hour 2 - Average slow wave positive duration (s) in N2 and N3 stage.
AJM	clock_h2_N2N3_pos_peak_sec	Hour 2 - Average slow wave duration (s) from onset to the positive peak in N2 and N3 stage.
AJN	clock_h2_N2N3_slope_0_min	Hour 2 - Average slow wave slope (uV/s) from 0 to min of negative in N2 and N3 stage.
AJO	clock_h2_N2N3_slope_min_max	Hour 2 - Average slow wave slope (uV/s) from min of negative to max of positive in N2 and N3 stage.
AJP	clock_h2_N2N3_slope_max_0	Hour 2 - Average slow wave slope (uV/s) from max of positive to the 0 crossing in N2 and N3 stage.
AJQ	clock_h2_N2N3_trans_freq_Hz	Hour 2 - Average slow wave transition frequency (Hz) in N2 and N3 stage.
AJR	clock_h2_N2N3_sw_density	Hour 2 - Slow wave density (count/min) in N2 and N3 stage.
AJS	clock_h2_NREM_valid_min	Hour 2 - Valid (no artifact) duration (min) in NREM stage (N1, N2, N3) available for detection minus the REM periods if excluded.
AJT	clock_h2_NREM_sw_count	Hour 2 - Slow wave count in NREM stage (N1, N2, N3).
AJU	clock_h2_NREM_sw_sec	Hour 2 - Average slow wave duration (s) in NREM stage (N1, N2, N3).
AJV	clock_h2_NREM_pkpk_amp_uV	Hour 2 - Average slow wave peak-to-peak amplitude (µV) in NREM stage (N1, N2, N3).
AJW	clock_h2_NREM_freq_Hz	Hour 2 - Average slow wave frequency (Hz) in NREM stage (N1, N2, N3).
AJX	clock_h2_NREM_neg_amp_uV	Hour 2 - Average slow wave negative amplitude (µV) in NREM stage (N1, N2, N3).
AJY	clock_h2_NREM_neg_sec	Hour 2 - Average slow wave negative duration (s) in NREM stage (N1, N2, N3).
AJZ	clock_h2_NREM_neg_peak_sec	Hour 2 - Average slow wave duration (s) from onset to the negative peak in NREM stage (N1, N2, N3).
AKA	clock_h2_NREM_pos_sec	Hour 2 - Average slow wave positive duration (s) in NREM stage (N1, N2, N3).
AKB	clock_h2_NREM_pos_peak_sec	Hour 2 - Average slow wave duration (s) from onset to the positive peak in NREM stage (N1, N2, N3).
AKC	clock_h2_NREM_slope_0_min	Hour 2 - Average slow wave slope (uV/s) from 0 to min of negative in NREM stage (N1, N2, N3).
AKD	clock_h2_NREM_slope_min_max	Hour 2 - Average slow wave slope (uV/s) from min of negative to max of positive in NREM stage (N1, N2, N3).
AKE	clock_h2_NREM_slope_max_0	Hour 2 - Average slow wave slope (uV/s) from max of positive to the 0 crossing in NREM stage (N1, N2, N3).
AKF	clock_h2_NREM_trans_freq_Hz	Hour 2 - Average slow wave transition frequency (Hz) in NREM stage (N1, N2, N3).
AKG	clock_h2_NREM_sw_density	Hour 2 - Slow wave density (count/min) in NREM stage (N1, N2, N3).
AKH	clock_h2_R_valid_min	Hour 2 - Valid (no artifact) duration (min) in REM stage available for detection.
AKI	clock_h2_R_sw_count	Hour 2 - Slow wave count in REM stage.
AKJ	clock_h2_R_sw_sec	Hour 2 - Average slow wave duration (s) in REM stage.
AKK	clock_h2_R_pkpk_amp_uV	Hour 2 - Average slow wave peak-to-peak amplitude (µV) in REM stage.
AKL	clock_h2_R_freq_Hz	Hour 2 - Average slow wave frequency (Hz) in REM stage.
AKM	clock_h2_R_neg_amp_uV	Hour 2 - Average slow wave negative amplitude (µV) in REM stage.
AKN	clock_h2_R_neg_sec	Hour 2 - Average slow wave negative duration (s) in REM stage.
AKO	clock_h2_R_neg_peak_sec	Hour 2 - Average slow wave duration (s) from onset to the negative peak in REM stage.
AKP	clock_h2_R_pos_sec	Hour 2 - Average slow wave positive duration (s) in REM stage.
AKQ	clock_h2_R_pos_peak_sec	Hour 2 - Average slow wave duration (s) from onset to the positive peak in REM stage.
AKR	clock_h2_R_slope_0_min	Hour 2 - Average slow wave slope (uV/s) from 0 to min of negative in REM stage.
AKS	clock_h2_R_slope_min_max	Hour 2 - Average slow wave slope (uV/s) from min of negative to max of positive in REM stage.
AKT	clock_h2_R_slope_max_0	Hour 2 - Average slow wave slope (uV/s) from max of positive to the 0 crossing in REM stage.
AKU	clock_h2_R_trans_freq_Hz	Hour 2 - Average slow wave transition frequency (Hz) in REM stage.
AKV	clock_h2_R_sw_density	Hour 2 - Slow wave density (count/min) in REM stage.
AKW	clock_h3_valid_min	Hour 3 - Valid (no artifact) duration (min) available for detection minus the REM periods if excluded.
AKX	clock_h3_min	Hour 3 duration (min) minus the REM periods if excluded.
AKY	clock_h3_sw_count	Hour 3 - Slow wave count in all stages.
AKZ	clock_h3_sw_sec	Hour 3 - Average slow wave duration (s) in all stages.
ALA	clock_h3_pkpk_amp_uV	Hour 3 - Average slow wave peak-to-peak amplitude (µV) in all stages.
ALB	clock_h3_freq_Hz	Hour 3 - Average slow wave frequency (Hz) in all stages.
ALC	clock_h3_neg_amp_uV	Hour 3 - Average slow wave negative amplitude (µV) in all stages.
ALD	clock_h3_neg_sec	Hour 3 - Average slow wave negative duration (s) in all stages.
ALE	clock_h3_neg_peak_sec	Hour 3 - Average slow wave duration (s) from onset to the negative peak in all stages.
ALF	clock_h3_pos_sec	Hour 3 - Average slow wave positive duration (s) in all stages.
ALG	clock_h3_pos_peak_sec	Hour 3 - Average slow wave duration (s) from onset to the positive peak in all stages.
ALH	clock_h3_slope_0_min	Hour 3 - Average slow wave slope (uV/s) from 0 to min of negative in all stages.
ALI	clock_h3_slope_min_max	Hour 3 - Average slow wave slope (uV/s) from min of negative to max of positive in all stages.
ALJ	clock_h3_slope_max_0	Hour 3 - Average slow wave slope (uV/s) from max of positive to the 0 crossing in all stages.
ALK	clock_h3_trans_freq_Hz	Hour 3 - Average slow wave transition frequency (Hz) in all stages.
ALL	clock_h3_sw_density	Hour 3 - Slow wave density (count/min)
ALM	clock_h3_N1_valid_min	Hour 3 - Valid (no artifact) duration (min) in N1 stage available for detection minus the REM periods if excluded.
ALN	clock_h3_N1_sw_count	Hour 3 - Slow wave count in N1 stage.
ALO	clock_h3_N1_sw_sec	Hour 3 - Average slow wave duration (s) in N1 stage.
ALP	clock_h3_N1_pkpk_amp_uV	Hour 3 - Average slow wave peak-to-peak amplitude (µV) in N1 stage.
ALQ	clock_h3_N1_freq_Hz	Hour 3 - Average slow wave frequency (Hz) in N1 stage.
ALR	clock_h3_N1_neg_amp_uV	Hour 3 - Average slow wave negative amplitude (µV) in N1 stage.
ALS	clock_h3_N1_neg_sec	Hour 3 - Average slow wave negative duration (s) in N1 stage.
ALT	clock_h3_N1_neg_peak_sec	Hour 3 - Average slow wave duration (s) from onset to the negative peak in N1 stage.
ALU	clock_h3_N1_pos_sec	Hour 3 - Average slow wave positive duration (s) in N1 stage.
ALV	clock_h3_N1_pos_peak_sec	Hour 3 - Average slow wave duration (s) from onset to the positive peak in N1 stage.
ALW	clock_h3_N1_slope_0_min	Hour 3 - Average slow wave slope (uV/s) from 0 to min of negative in N1 stage.
ALX	clock_h3_N1_slope_min_max	Hour 3 - Average slow wave slope (uV/s) from min of negative to max of positive in N1 stage.
ALY	clock_h3_N1_slope_max_0	Hour 3 - Average slow wave slope (uV/s) from max of positive to the 0 crossing in N1 stage.
ALZ	clock_h3_N1_trans_freq_Hz	Hour 3 - Average slow wave transition frequency (Hz) in N1 stage.
AMA	clock_h3_N1_sw_density	Hour 3 - Slow wave density (count/min) in N1 stage.
AMB	clock_h3_N2_valid_min	Hour 3 - Valid (no artifact) duration (min) in N2 stage available for detection minus the REM periods if excluded.
AMC	clock_h3_N2_sw_count	Hour 3 - Slow wave count in N2 stage.
AMD	clock_h3_N2_sw_sec	Hour 3 - Average slow wave duration (s) in N2 stage.
AME	clock_h3_N2_pkpk_amp_uV	Hour 3 - Average slow wave peak-to-peak amplitude (µV) in N2 stage.
AMF	clock_h3_N2_freq_Hz	Hour 3 - Average slow wave frequency (Hz) in N2 stage.
AMG	clock_h3_N2_neg_amp_uV	Hour 3 - Average slow wave negative amplitude (µV) in N2 stage.
AMH	clock_h3_N2_neg_sec	Hour 3 - Average slow wave negative duration (s) in N2 stage.
AMI	clock_h3_N2_neg_peak_sec	Hour 3 - Average slow wave duration (s) from onset to the negative peak in N2 stage.
AMJ	clock_h3_N2_pos_sec	Hour 3 - Average slow wave positive duration (s) in N2 stage.
AMK	clock_h3_N2_pos_peak_sec	Hour 3 - Average slow wave duration (s) from onset to the positive peak in N2 stage.
AML	clock_h3_N2_slope_0_min	Hour 3 - Average slow wave slope (uV/s) from 0 to min of negative in N2 stage.
AMM	clock_h3_N2_slope_min_max	Hour 3 - Average slow wave slope (uV/s) from min of negative to max of positive in N2 stage.
AMN	clock_h3_N2_slope_max_0	Hour 3 - Average slow wave slope (uV/s) from max of positive to the 0 crossing in N2 stage.
AMO	clock_h3_N2_trans_freq_Hz	Hour 3 - Average slow wave transition frequency (Hz) in N2 stage.
AMP	clock_h3_N2_sw_density	Hour 3 - Slow wave density (count/min) in N2 stage.
AMQ	clock_h3_N3_valid_min	Hour 3 - Valid (no artifact) duration (min) in N3 stage available for detection minus the REM periods if excluded.
AMR	clock_h3_N3_sw_count	Hour 3 - Slow wave count in N3 stage.
AMS	clock_h3_N3_sw_sec	Hour 3 - Average slow wave duration (s) in N3 stage.
AMT	clock_h3_N3_pkpk_amp_uV	Hour 3 - Average slow wave peak-to-peak amplitude (µV) in N3 stage.
AMU	clock_h3_N3_freq_Hz	Hour 3 - Average slow wave frequency (Hz) in N3 stage.
AMV	clock_h3_N3_neg_amp_uV	Hour 3 - Average slow wave negative amplitude (µV) in N3 stage.
AMW	clock_h3_N3_neg_sec	Hour 3 - Average slow wave negative duration (s) in N3 stage.
AMX	clock_h3_N3_neg_peak_sec	Hour 3 - Average slow wave duration (s) from onset to the negative peak in N3 stage.
AMY	clock_h3_N3_pos_sec	Hour 3 - Average slow wave positive duration (s) in N3 stage.
AMZ	clock_h3_N3_pos_peak_sec	Hour 3 - Average slow wave duration (s) from onset to the positive peak in N3 stage.
ANA	clock_h3_N3_slope_0_min	Hour 3 - Average slow wave slope (uV/s) from 0 to min of negative in N3 stage.
ANB	clock_h3_N3_slope_min_max	Hour 3 - Average slow wave slope (uV/s) from min of negative to max of positive in N3 stage.
ANC	clock_h3_N3_slope_max_0	Hour 3 - Average slow wave slope (uV/s) from max of positive to the 0 crossing in N3 stage.
AND	clock_h3_N3_trans_freq_Hz	Hour 3 - Average slow wave transition frequency (Hz) in N3 stage.
ANE	clock_h3_N3_sw_density	Hour 3 - Slow wave density (count/min) in N3 stage.
ANF	clock_h3_N2N3_valid_min	Hour 3 - Valid (no artifact) duration (min) in N2 and N3 stage available for detection minus the REM periods if excluded.
ANG	clock_h3_N2N3_sw_count	Hour 3 - Slow wave count in N2 and N3 stage.
ANH	clock_h3_N2N3_sw_sec	Hour 3 - Average slow wave duration (s) in N2 and N3 stage.
ANI	clock_h3_N2N3_pkpk_amp_uV	Hour 3 - Average slow wave peak-to-peak amplitude (µV) in N2 and N3 stage.
ANJ	clock_h3_N2N3_freq_Hz	Hour 3 - Average slow wave frequency (Hz) in N2 and N3 stage.
ANK	clock_h3_N2N3_neg_amp_uV	Hour 3 - Average slow wave negative amplitude (µV) in N2 and N3 stage.
ANL	clock_h3_N2N3_neg_sec	Hour 3 - Average slow wave negative duration (s) in N2 and N3 stage.
ANM	clock_h3_N2N3_neg_peak_sec	Hour 3 - Average slow wave duration (s) from onset to the negative peak in N2 and N3 stage.
ANN	clock_h3_N2N3_pos_sec	Hour 3 - Average slow wave positive duration (s) in N2 and N3 stage.
ANO	clock_h3_N2N3_pos_peak_sec	Hour 3 - Average slow wave duration (s) from onset to the positive peak in N2 and N3 stage.
ANP	clock_h3_N2N3_slope_0_min	Hour 3 - Average slow wave slope (uV/s) from 0 to min of negative in N2 and N3 stage.
ANQ	clock_h3_N2N3_slope_min_max	Hour 3 - Average slow wave slope (uV/s) from min of negative to max of positive in N2 and N3 stage.
ANR	clock_h3_N2N3_slope_max_0	Hour 3 - Average slow wave slope (uV/s) from max of positive to the 0 crossing in N2 and N3 stage.
ANS	clock_h3_N2N3_trans_freq_Hz	Hour 3 - Average slow wave transition frequency (Hz) in N2 and N3 stage.
ANT	clock_h3_N2N3_sw_density	Hour 3 - Slow wave density (count/min) in N2 and N3 stage.
ANU	clock_h3_NREM_valid_min	Hour 3 - Valid (no artifact) duration (min) in NREM stage (N1, N2, N3) available for detection minus the REM periods if excluded.
ANV	clock_h3_NREM_sw_count	Hour 3 - Slow wave count in NREM stage (N1, N2, N3).
ANW	clock_h3_NREM_sw_sec	Hour 3 - Average slow wave duration (s) in NREM stage (N1, N2, N3).
ANX	clock_h3_NREM_pkpk_amp_uV	Hour 3 - Average slow wave peak-to-peak amplitude (µV) in NREM stage (N1, N2, N3).
ANY	clock_h3_NREM_freq_Hz	Hour 3 - Average slow wave frequency (Hz) in NREM stage (N1, N2, N3).
ANZ	clock_h3_NREM_neg_amp_uV	Hour 3 - Average slow wave negative amplitude (µV) in NREM stage (N1, N2, N3).
AOA	clock_h3_NREM_neg_sec	Hour 3 - Average slow wave negative duration (s) in NREM stage (N1, N2, N3).
AOB	clock_h3_NREM_neg_peak_sec	Hour 3 - Average slow wave duration (s) from onset to the negative peak in NREM stage (N1, N2, N3).
AOC	clock_h3_NREM_pos_sec	Hour 3 - Average slow wave positive duration (s) in NREM stage (N1, N2, N3).
AOD	clock_h3_NREM_pos_peak_sec	Hour 3 - Average slow wave duration (s) from onset to the positive peak in NREM stage (N1, N2, N3).
AOE	clock_h3_NREM_slope_0_min	Hour 3 - Average slow wave slope (uV/s) from 0 to min of negative in NREM stage (N1, N2, N3).
AOF	clock_h3_NREM_slope_min_max	Hour 3 - Average slow wave slope (uV/s) from min of negative to max of positive in NREM stage (N1, N2, N3).
AOG	clock_h3_NREM_slope_max_0	Hour 3 - Average slow wave slope (uV/s) from max of positive to the 0 crossing in NREM stage (N1, N2, N3).
AOH	clock_h3_NREM_trans_freq_Hz	Hour 3 - Average slow wave transition frequency (Hz) in NREM stage (N1, N2, N3).
AOI	clock_h3_NREM_sw_density	Hour 3 - Slow wave density (count/min) in NREM stage (N1, N2, N3).
AOJ	clock_h3_R_valid_min	Hour 3 - Valid (no artifact) duration (min) in REM stage available for detection.
AOK	clock_h3_R_sw_count	Hour 3 - Slow wave count in REM stage.
AOL	clock_h3_R_sw_sec	Hour 3 - Average slow wave duration (s) in REM stage.
AOM	clock_h3_R_pkpk_amp_uV	Hour 3 - Average slow wave peak-to-peak amplitude (µV) in REM stage.
AON	clock_h3_R_freq_Hz	Hour 3 - Average slow wave frequency (Hz) in REM stage.
AOO	clock_h3_R_neg_amp_uV	Hour 3 - Average slow wave negative amplitude (µV) in REM stage.
AOP	clock_h3_R_neg_sec	Hour 3 - Average slow wave negative duration (s) in REM stage.
AOQ	clock_h3_R_neg_peak_sec	Hour 3 - Average slow wave duration (s) from onset to the negative peak in REM stage.
AOR	clock_h3_R_pos_sec	Hour 3 - Average slow wave positive duration (s) in REM stage.
AOS	clock_h3_R_pos_peak_sec	Hour 3 - Average slow wave duration (s) from onset to the positive peak in REM stage.
AOT	clock_h3_R_slope_0_min	Hour 3 - Average slow wave slope (uV/s) from 0 to min of negative in REM stage.
AOU	clock_h3_R_slope_min_max	Hour 3 - Average slow wave slope (uV/s) from min of negative to max of positive in REM stage.
AOV	clock_h3_R_slope_max_0	Hour 3 - Average slow wave slope (uV/s) from max of positive to the 0 crossing in REM stage.
AOW	clock_h3_R_trans_freq_Hz	Hour 3 - Average slow wave transition frequency (Hz) in REM stage.
AOX	clock_h3_R_sw_density	Hour 3 - Slow wave density (count/min) in REM stage.
AOY	clock_h4_valid_min	Hour 4 - Valid (no artifact) duration (min) available for detection minus the REM periods if excluded.
AOZ	clock_h4_min	Hour 4 duration (min) minus the REM periods if excluded.
APA	clock_h4_sw_count	Hour 4 - Slow wave count in all stages.
APB	clock_h4_sw_sec	Hour 4 - Average slow wave duration (s) in all stages.
APC	clock_h4_pkpk_amp_uV	Hour 4 - Average slow wave peak-to-peak amplitude (µV) in all stages.
APD	clock_h4_freq_Hz	Hour 4 - Average slow wave frequency (Hz) in all stages.
APE	clock_h4_neg_amp_uV	Hour 4 - Average slow wave negative amplitude (µV) in all stages.
APF	clock_h4_neg_sec	Hour 4 - Average slow wave negative duration (s) in all stages.
APG	clock_h4_neg_peak_sec	Hour 4 - Average slow wave duration (s) from onset to the negative peak in all stages.
APH	clock_h4_pos_sec	Hour 4 - Average slow wave positive duration (s) in all stages.
API	clock_h4_pos_peak_sec	Hour 4 - Average slow wave duration (s) from onset to the positive peak in all stages.
APJ	clock_h4_slope_0_min	Hour 4 - Average slow wave slope (uV/s) from 0 to min of negative in all stages.
APK	clock_h4_slope_min_max	Hour 4 - Average slow wave slope (uV/s) from min of negative to max of positive in all stages.
APL	clock_h4_slope_max_0	Hour 4 - Average slow wave slope (uV/s) from max of positive to the 0 crossing in all stages.
APM	clock_h4_trans_freq_Hz	Hour 4 - Average slow wave transition frequency (Hz) in all stages.
APN	clock_h4_sw_density	Hour 4 - Slow wave density (count/min)
APO	clock_h4_N1_valid_min	Hour 4 - Valid (no artifact) duration (min) in N1 stage available for detection minus the REM periods if excluded.
APP	clock_h4_N1_sw_count	Hour 4 - Slow wave count in N1 stage.
APQ	clock_h4_N1_sw_sec	Hour 4 - Average slow wave duration (s) in N1 stage.
APR	clock_h4_N1_pkpk_amp_uV	Hour 4 - Average slow wave peak-to-peak amplitude (µV) in N1 stage.
APS	clock_h4_N1_freq_Hz	Hour 4 - Average slow wave frequency (Hz) in N1 stage.
APT	clock_h4_N1_neg_amp_uV	Hour 4 - Average slow wave negative amplitude (µV) in N1 stage.
APU	clock_h4_N1_neg_sec	Hour 4 - Average slow wave negative duration (s) in N1 stage.
APV	clock_h4_N1_neg_peak_sec	Hour 4 - Average slow wave duration (s) from onset to the negative peak in N1 stage.
APW	clock_h4_N1_pos_sec	Hour 4 - Average slow wave positive duration (s) in N1 stage.
APX	clock_h4_N1_pos_peak_sec	Hour 4 - Average slow wave duration (s) from onset to the positive peak in N1 stage.
APY	clock_h4_N1_slope_0_min	Hour 4 - Average slow wave slope (uV/s) from 0 to min of negative in N1 stage.
APZ	clock_h4_N1_slope_min_max	Hour 4 - Average slow wave slope (uV/s) from min of negative to max of positive in N1 stage.
AQA	clock_h4_N1_slope_max_0	Hour 4 - Average slow wave slope (uV/s) from max of positive to the 0 crossing in N1 stage.
AQB	clock_h4_N1_trans_freq_Hz	Hour 4 - Average slow wave transition frequency (Hz) in N1 stage.
AQC	clock_h4_N1_sw_density	Hour 4 - Slow wave density (count/min) in N1 stage.
AQD	clock_h4_N2_valid_min	Hour 4 - Valid (no artifact) duration (min) in N2 stage available for detection minus the REM periods if excluded.
AQE	clock_h4_N2_sw_count	Hour 4 - Slow wave count in N2 stage.
AQF	clock_h4_N2_sw_sec	Hour 4 - Average slow wave duration (s) in N2 stage.
AQG	clock_h4_N2_pkpk_amp_uV	Hour 4 - Average slow wave peak-to-peak amplitude (µV) in N2 stage.
AQH	clock_h4_N2_freq_Hz	Hour 4 - Average slow wave frequency (Hz) in N2 stage.
AQI	clock_h4_N2_neg_amp_uV	Hour 4 - Average slow wave negative amplitude (µV) in N2 stage.
AQJ	clock_h4_N2_neg_sec	Hour 4 - Average slow wave negative duration (s) in N2 stage.
AQK	clock_h4_N2_neg_peak_sec	Hour 4 - Average slow wave duration (s) from onset to the negative peak in N2 stage.
AQL	clock_h4_N2_pos_sec	Hour 4 - Average slow wave positive duration (s) in N2 stage.
AQM	clock_h4_N2_pos_peak_sec	Hour 4 - Average slow wave duration (s) from onset to the positive peak in N2 stage.
AQN	clock_h4_N2_slope_0_min	Hour 4 - Average slow wave slope (uV/s) from 0 to min of negative in N2 stage.
AQO	clock_h4_N2_slope_min_max	Hour 4 - Average slow wave slope (uV/s) from min of negative to max of positive in N2 stage.
AQP	clock_h4_N2_slope_max_0	Hour 4 - Average slow wave slope (uV/s) from max of positive to the 0 crossing in N2 stage.
AQQ	clock_h4_N2_trans_freq_Hz	Hour 4 - Average slow wave transition frequency (Hz) in N2 stage.
AQR	clock_h4_N2_sw_density	Hour 4 - Slow wave density (count/min) in N2 stage.
AQS	clock_h4_N3_valid_min	Hour 4 - Valid (no artifact) duration (min) in N3 stage available for detection minus the REM periods if excluded.
AQT	clock_h4_N3_sw_count	Hour 4 - Slow wave count in N3 stage.
AQU	clock_h4_N3_sw_sec	Hour 4 - Average slow wave duration (s) in N3 stage.
AQV	clock_h4_N3_pkpk_amp_uV	Hour 4 - Average slow wave peak-to-peak amplitude (µV) in N3 stage.
AQW	clock_h4_N3_freq_Hz	Hour 4 - Average slow wave frequency (Hz) in N3 stage.
AQX	clock_h4_N3_neg_amp_uV	Hour 4 - Average slow wave negative amplitude (µV) in N3 stage.
AQY	clock_h4_N3_neg_sec	Hour 4 - Average slow wave negative duration (s) in N3 stage.
AQZ	clock_h4_N3_neg_peak_sec	Hour 4 - Average slow wave duration (s) from onset to the negative peak in N3 stage.
ARA	clock_h4_N3_pos_sec	Hour 4 - Average slow wave positive duration (s) in N3 stage.
ARB	clock_h4_N3_pos_peak_sec	Hour 4 - Average slow wave duration (s) from onset to the positive peak in N3 stage.
ARC	clock_h4_N3_slope_0_min	Hour 4 - Average slow wave slope (uV/s) from 0 to min of negative in N3 stage.
ARD	clock_h4_N3_slope_min_max	Hour 4 - Average slow wave slope (uV/s) from min of negative to max of positive in N3 stage.
ARE	clock_h4_N3_slope_max_0	Hour 4 - Average slow wave slope (uV/s) from max of positive to the 0 crossing in N3 stage.
ARF	clock_h4_N3_trans_freq_Hz	Hour 4 - Average slow wave transition frequency (Hz) in N3 stage.
ARG	clock_h4_N3_sw_density	Hour 4 - Slow wave density (count/min) in N3 stage.
ARH	clock_h4_N2N3_valid_min	Hour 4 - Valid (no artifact) duration (min) in N2 and N3 stage available for detection minus the REM periods if excluded.
ARI	clock_h4_N2N3_sw_count	Hour 4 - Slow wave count in N2 and N3 stage.
ARJ	clock_h4_N2N3_sw_sec	Hour 4 - Average slow wave duration (s) in N2 and N3 stage.
ARK	clock_h4_N2N3_pkpk_amp_uV	Hour 4 - Average slow wave peak-to-peak amplitude (µV) in N2 and N3 stage.
ARL	clock_h4_N2N3_freq_Hz	Hour 4 - Average slow wave frequency (Hz) in N2 and N3 stage.
ARM	clock_h4_N2N3_neg_amp_uV	Hour 4 - Average slow wave negative amplitude (µV) in N2 and N3 stage.
ARN	clock_h4_N2N3_neg_sec	Hour 4 - Average slow wave negative duration (s) in N2 and N3 stage.
ARO	clock_h4_N2N3_neg_peak_sec	Hour 4 - Average slow wave duration (s) from onset to the negative peak in N2 and N3 stage.
ARP	clock_h4_N2N3_pos_sec	Hour 4 - Average slow wave positive duration (s) in N2 and N3 stage.
ARQ	clock_h4_N2N3_pos_peak_sec	Hour 4 - Average slow wave duration (s) from onset to the positive peak in N2 and N3 stage.
ARR	clock_h4_N2N3_slope_0_min	Hour 4 - Average slow wave slope (uV/s) from 0 to min of negative in N2 and N3 stage.
ARS	clock_h4_N2N3_slope_min_max	Hour 4 - Average slow wave slope (uV/s) from min of negative to max of positive in N2 and N3 stage.
ART	clock_h4_N2N3_slope_max_0	Hour 4 - Average slow wave slope (uV/s) from max of positive to the 0 crossing in N2 and N3 stage.
ARU	clock_h4_N2N3_trans_freq_Hz	Hour 4 - Average slow wave transition frequency (Hz) in N2 and N3 stage.
ARV	clock_h4_N2N3_sw_density	Hour 4 - Slow wave density (count/min) in N2 and N3 stage.
ARW	clock_h4_NREM_valid_min	Hour 4 - Valid (no artifact) duration (min) in NREM stage (N1, N2, N3) available for detection minus the REM periods if excluded.
ARX	clock_h4_NREM_sw_count	Hour 4 - Slow wave count in NREM stage (N1, N2, N3).
ARY	clock_h4_NREM_sw_sec	Hour 4 - Average slow wave duration (s) in NREM stage (N1, N2, N3).
ARZ	clock_h4_NREM_pkpk_amp_uV	Hour 4 - Average slow wave peak-to-peak amplitude (µV) in NREM stage (N1, N2, N3).
ASA	clock_h4_NREM_freq_Hz	Hour 4 - Average slow wave frequency (Hz) in NREM stage (N1, N2, N3).
ASB	clock_h4_NREM_neg_amp_uV	Hour 4 - Average slow wave negative amplitude (µV) in NREM stage (N1, N2, N3).
ASC	clock_h4_NREM_neg_sec	Hour 4 - Average slow wave negative duration (s) in NREM stage (N1, N2, N3).
ASD	clock_h4_NREM_neg_peak_sec	Hour 4 - Average slow wave duration (s) from onset to the negative peak in NREM stage (N1, N2, N3).
ASE	clock_h4_NREM_pos_sec	Hour 4 - Average slow wave positive duration (s) in NREM stage (N1, N2, N3).
ASF	clock_h4_NREM_pos_peak_sec	Hour 4 - Average slow wave duration (s) from onset to the positive peak in NREM stage (N1, N2, N3).
ASG	clock_h4_NREM_slope_0_min	Hour 4 - Average slow wave slope (uV/s) from 0 to min of negative in NREM stage (N1, N2, N3).
ASH	clock_h4_NREM_slope_min_max	Hour 4 - Average slow wave slope (uV/s) from min of negative to max of positive in NREM stage (N1, N2, N3).
ASI	clock_h4_NREM_slope_max_0	Hour 4 - Average slow wave slope (uV/s) from max of positive to the 0 crossing in NREM stage (N1, N2, N3).
ASJ	clock_h4_NREM_trans_freq_Hz	Hour 4 - Average slow wave transition frequency (Hz) in NREM stage (N1, N2, N3).
ASK	clock_h4_NREM_sw_density	Hour 4 - Slow wave density (count/min) in NREM stage (N1, N2, N3).
ASL	clock_h4_R_valid_min	Hour 4 - Valid (no artifact) duration (min) in REM stage available for detection.
ASM	clock_h4_R_sw_count	Hour 4 - Slow wave count in REM stage.
ASN	clock_h4_R_sw_sec	Hour 4 - Average slow wave duration (s) in REM stage.
ASO	clock_h4_R_pkpk_amp_uV	Hour 4 - Average slow wave peak-to-peak amplitude (µV) in REM stage.
ASP	clock_h4_R_freq_Hz	Hour 4 - Average slow wave frequency (Hz) in REM stage.
ASQ	clock_h4_R_neg_amp_uV	Hour 4 - Average slow wave negative amplitude (µV) in REM stage.
ASR	clock_h4_R_neg_sec	Hour 4 - Average slow wave negative duration (s) in REM stage.
ASS	clock_h4_R_neg_peak_sec	Hour 4 - Average slow wave duration (s) from onset to the negative peak in REM stage.
AST	clock_h4_R_pos_sec	Hour 4 - Average slow wave positive duration (s) in REM stage.
ASU	clock_h4_R_pos_peak_sec	Hour 4 - Average slow wave duration (s) from onset to the positive peak in REM stage.
ASV	clock_h4_R_slope_0_min	Hour 4 - Average slow wave slope (uV/s) from 0 to min of negative in REM stage.
ASW	clock_h4_R_slope_min_max	Hour 4 - Average slow wave slope (uV/s) from min of negative to max of positive in REM stage.
ASX	clock_h4_R_slope_max_0	Hour 4 - Average slow wave slope (uV/s) from max of positive to the 0 crossing in REM stage.
ASY	clock_h4_R_trans_freq_Hz	Hour 4 - Average slow wave transition frequency (Hz) in REM stage.
ASZ	clock_h4_R_sw_density	Hour 4 - Slow wave density (count/min) in REM stage.
ATA	clock_h5_valid_min	Hour 5 - Valid (no artifact) duration (min) available for detection minus the REM periods if excluded.
ATB	clock_h5_min	Hour 5 duration (min) minus the REM periods if excluded.
ATC	clock_h5_sw_count	Hour 5 - Slow wave count in all stages.
ATD	clock_h5_sw_sec	Hour 5 - Average slow wave duration (s) in all stages.
ATE	clock_h5_pkpk_amp_uV	Hour 5 - Average slow wave peak-to-peak amplitude (µV) in all stages.
ATF	clock_h5_freq_Hz	Hour 5 - Average slow wave frequency (Hz) in all stages.
ATG	clock_h5_neg_amp_uV	Hour 5 - Average slow wave negative amplitude (µV) in all stages.
ATH	clock_h5_neg_sec	Hour 5 - Average slow wave negative duration (s) in all stages.
ATI	clock_h5_neg_peak_sec	Hour 5 - Average slow wave duration (s) from onset to the negative peak in all stages.
ATJ	clock_h5_pos_sec	Hour 5 - Average slow wave positive duration (s) in all stages.
ATK	clock_h5_pos_peak_sec	Hour 5 - Average slow wave duration (s) from onset to the positive peak in all stages.
ATL	clock_h5_slope_0_min	Hour 5 - Average slow wave slope (uV/s) from 0 to min of negative in all stages.
ATM	clock_h5_slope_min_max	Hour 5 - Average slow wave slope (uV/s) from min of negative to max of positive in all stages.
ATN	clock_h5_slope_max_0	Hour 5 - Average slow wave slope (uV/s) from max of positive to the 0 crossing in all stages.
ATO	clock_h5_trans_freq_Hz	Hour 5 - Average slow wave transition frequency (Hz) in all stages.
ATP	clock_h5_sw_density	Hour 5 - Slow wave density (count/min)
ATQ	clock_h5_N1_valid_min	Hour 5 - Valid (no artifact) duration (min) in N1 stage available for detection minus the REM periods if excluded.
ATR	clock_h5_N1_sw_count	Hour 5 - Slow wave count in N1 stage.
ATS	clock_h5_N1_sw_sec	Hour 5 - Average slow wave duration (s) in N1 stage.
ATT	clock_h5_N1_pkpk_amp_uV	Hour 5 - Average slow wave peak-to-peak amplitude (µV) in N1 stage.
ATU	clock_h5_N1_freq_Hz	Hour 5 - Average slow wave frequency (Hz) in N1 stage.
ATV	clock_h5_N1_neg_amp_uV	Hour 5 - Average slow wave negative amplitude (µV) in N1 stage.
ATW	clock_h5_N1_neg_sec	Hour 5 - Average slow wave negative duration (s) in N1 stage.
ATX	clock_h5_N1_neg_peak_sec	Hour 5 - Average slow wave duration (s) from onset to the negative peak in N1 stage.
ATY	clock_h5_N1_pos_sec	Hour 5 - Average slow wave positive duration (s) in N1 stage.
ATZ	clock_h5_N1_pos_peak_sec	Hour 5 - Average slow wave duration (s) from onset to the positive peak in N1 stage.
AUA	clock_h5_N1_slope_0_min	Hour 5 - Average slow wave slope (uV/s) from 0 to min of negative in N1 stage.
AUB	clock_h5_N1_slope_min_max	Hour 5 - Average slow wave slope (uV/s) from min of negative to max of positive in N1 stage.
AUC	clock_h5_N1_slope_max_0	Hour 5 - Average slow wave slope (uV/s) from max of positive to the 0 crossing in N1 stage.
AUD	clock_h5_N1_trans_freq_Hz	Hour 5 - Average slow wave transition frequency (Hz) in N1 stage.
AUE	clock_h5_N1_sw_density	Hour 5 - Slow wave density (count/min) in N1 stage.
AUF	clock_h5_N2_valid_min	Hour 5 - Valid (no artifact) duration (min) in N2 stage available for detection minus the REM periods if excluded.
AUG	clock_h5_N2_sw_count	Hour 5 - Slow wave count in N2 stage.
AUH	clock_h5_N2_sw_sec	Hour 5 - Average slow wave duration (s) in N2 stage.
AUI	clock_h5_N2_pkpk_amp_uV	Hour 5 - Average slow wave peak-to-peak amplitude (µV) in N2 stage.
AUJ	clock_h5_N2_freq_Hz	Hour 5 - Average slow wave frequency (Hz) in N2 stage.
AUK	clock_h5_N2_neg_amp_uV	Hour 5 - Average slow wave negative amplitude (µV) in N2 stage.
AUL	clock_h5_N2_neg_sec	Hour 5 - Average slow wave negative duration (s) in N2 stage.
AUM	clock_h5_N2_neg_peak_sec	Hour 5 - Average slow wave duration (s) from onset to the negative peak in N2 stage.
AUN	clock_h5_N2_pos_sec	Hour 5 - Average slow wave positive duration (s) in N2 stage.
AUO	clock_h5_N2_pos_peak_sec	Hour 5 - Average slow wave duration (s) from onset to the positive peak in N2 stage.
AUP	clock_h5_N2_slope_0_min	Hour 5 - Average slow wave slope (uV/s) from 0 to min of negative in N2 stage.
AUQ	clock_h5_N2_slope_min_max	Hour 5 - Average slow wave slope (uV/s) from min of negative to max of positive in N2 stage.
AUR	clock_h5_N2_slope_max_0	Hour 5 - Average slow wave slope (uV/s) from max of positive to the 0 crossing in N2 stage.
AUS	clock_h5_N2_trans_freq_Hz	Hour 5 - Average slow wave transition frequency (Hz) in N2 stage.
AUT	clock_h5_N2_sw_density	Hour 5 - Slow wave density (count/min) in N2 stage.
AUU	clock_h5_N3_valid_min	Hour 5 - Valid (no artifact) duration (min) in N3 stage available for detection minus the REM periods if excluded.
AUV	clock_h5_N3_sw_count	Hour 5 - Slow wave count in N3 stage.
AUW	clock_h5_N3_sw_sec	Hour 5 - Average slow wave duration (s) in N3 stage.
AUX	clock_h5_N3_pkpk_amp_uV	Hour 5 - Average slow wave peak-to-peak amplitude (µV) in N3 stage.
AUY	clock_h5_N3_freq_Hz	Hour 5 - Average slow wave frequency (Hz) in N3 stage.
AUZ	clock_h5_N3_neg_amp_uV	Hour 5 - Average slow wave negative amplitude (µV) in N3 stage.
AVA	clock_h5_N3_neg_sec	Hour 5 - Average slow wave negative duration (s) in N3 stage.
AVB	clock_h5_N3_neg_peak_sec	Hour 5 - Average slow wave duration (s) from onset to the negative peak in N3 stage.
AVC	clock_h5_N3_pos_sec	Hour 5 - Average slow wave positive duration (s) in N3 stage.
AVD	clock_h5_N3_pos_peak_sec	Hour 5 - Average slow wave duration (s) from onset to the positive peak in N3 stage.
AVE	clock_h5_N3_slope_0_min	Hour 5 - Average slow wave slope (uV/s) from 0 to min of negative in N3 stage.
AVF	clock_h5_N3_slope_min_max	Hour 5 - Average slow wave slope (uV/s) from min of negative to max of positive in N3 stage.
AVG	clock_h5_N3_slope_max_0	Hour 5 - Average slow wave slope (uV/s) from max of positive to the 0 crossing in N3 stage.
AVH	clock_h5_N3_trans_freq_Hz	Hour 5 - Average slow wave transition frequency (Hz) in N3 stage.
AVI	clock_h5_N3_sw_density	Hour 5 - Slow wave density (count/min) in N3 stage.
AVJ	clock_h5_N2N3_valid_min	Hour 5 - Valid (no artifact) duration (min) in N2 and N3 stage available for detection minus the REM periods if excluded.
AVK	clock_h5_N2N3_sw_count	Hour 5 - Slow wave count in N2 and N3 stage.
AVL	clock_h5_N2N3_sw_sec	Hour 5 - Average slow wave duration (s) in N2 and N3 stage.
AVM	clock_h5_N2N3_pkpk_amp_uV	Hour 5 - Average slow wave peak-to-peak amplitude (µV) in N2 and N3 stage.
AVN	clock_h5_N2N3_freq_Hz	Hour 5 - Average slow wave frequency (Hz) in N2 and N3 stage.
AVO	clock_h5_N2N3_neg_amp_uV	Hour 5 - Average slow wave negative amplitude (µV) in N2 and N3 stage.
AVP	clock_h5_N2N3_neg_sec	Hour 5 - Average slow wave negative duration (s) in N2 and N3 stage.
AVQ	clock_h5_N2N3_neg_peak_sec	Hour 5 - Average slow wave duration (s) from onset to the negative peak in N2 and N3 stage.
AVR	clock_h5_N2N3_pos_sec	Hour 5 - Average slow wave positive duration (s) in N2 and N3 stage.
AVS	clock_h5_N2N3_pos_peak_sec	Hour 5 - Average slow wave duration (s) from onset to the positive peak in N2 and N3 stage.
AVT	clock_h5_N2N3_slope_0_min	Hour 5 - Average slow wave slope (uV/s) from 0 to min of negative in N2 and N3 stage.
AVU	clock_h5_N2N3_slope_min_max	Hour 5 - Average slow wave slope (uV/s) from min of negative to max of positive in N2 and N3 stage.
AVV	clock_h5_N2N3_slope_max_0	Hour 5 - Average slow wave slope (uV/s) from max of positive to the 0 crossing in N2 and N3 stage.
AVW	clock_h5_N2N3_trans_freq_Hz	Hour 5 - Average slow wave transition frequency (Hz) in N2 and N3 stage.
AVX	clock_h5_N2N3_sw_density	Hour 5 - Slow wave density (count/min) in N2 and N3 stage.
AVY	clock_h5_NREM_valid_min	Hour 5 - Valid (no artifact) duration (min) in NREM stage (N1, N2, N3) available for detection minus the REM periods if excluded.
AVZ	clock_h5_NREM_sw_count	Hour 5 - Slow wave count in NREM stage (N1, N2, N3).
AWA	clock_h5_NREM_sw_sec	Hour 5 - Average slow wave duration (s) in NREM stage (N1, N2, N3).
AWB	clock_h5_NREM_pkpk_amp_uV	Hour 5 - Average slow wave peak-to-peak amplitude (µV) in NREM stage (N1, N2, N3).
AWC	clock_h5_NREM_freq_Hz	Hour 5 - Average slow wave frequency (Hz) in NREM stage (N1, N2, N3).
AWD	clock_h5_NREM_neg_amp_uV	Hour 5 - Average slow wave negative amplitude (µV) in NREM stage (N1, N2, N3).
AWE	clock_h5_NREM_neg_sec	Hour 5 - Average slow wave negative duration (s) in NREM stage (N1, N2, N3).
AWF	clock_h5_NREM_neg_peak_sec	Hour 5 - Average slow wave duration (s) from onset to the negative peak in NREM stage (N1, N2, N3).
AWG	clock_h5_NREM_pos_sec	Hour 5 - Average slow wave positive duration (s) in NREM stage (N1, N2, N3).
AWH	clock_h5_NREM_pos_peak_sec	Hour 5 - Average slow wave duration (s) from onset to the positive peak in NREM stage (N1, N2, N3).
AWI	clock_h5_NREM_slope_0_min	Hour 5 - Average slow wave slope (uV/s) from 0 to min of negative in NREM stage (N1, N2, N3).
AWJ	clock_h5_NREM_slope_min_max	Hour 5 - Average slow wave slope (uV/s) from min of negative to max of positive in NREM stage (N1, N2, N3).
AWK	clock_h5_NREM_slope_max_0	Hour 5 - Average slow wave slope (uV/s) from max of positive to the 0 crossing in NREM stage (N1, N2, N3).
AWL	clock_h5_NREM_trans_freq_Hz	Hour 5 - Average slow wave transition frequency (Hz) in NREM stage (N1, N2, N3).
AWM	clock_h5_NREM_sw_density	Hour 5 - Slow wave density (count/min) in NREM stage (N1, N2, N3).
AWN	clock_h5_R_valid_min	Hour 5 - Valid (no artifact) duration (min) in REM stage available for detection.
AWO	clock_h5_R_sw_count	Hour 5 - Slow wave count in REM stage.
AWP	clock_h5_R_sw_sec	Hour 5 - Average slow wave duration (s) in REM stage.
AWQ	clock_h5_R_pkpk_amp_uV	Hour 5 - Average slow wave peak-to-peak amplitude (µV) in REM stage.
AWR	clock_h5_R_freq_Hz	Hour 5 - Average slow wave frequency (Hz) in REM stage.
AWS	clock_h5_R_neg_amp_uV	Hour 5 - Average slow wave negative amplitude (µV) in REM stage.
AWT	clock_h5_R_neg_sec	Hour 5 - Average slow wave negative duration (s) in REM stage.
AWU	clock_h5_R_neg_peak_sec	Hour 5 - Average slow wave duration (s) from onset to the negative peak in REM stage.
AWV	clock_h5_R_pos_sec	Hour 5 - Average slow wave positive duration (s) in REM stage.
AWW	clock_h5_R_pos_peak_sec	Hour 5 - Average slow wave duration (s) from onset to the positive peak in REM stage.
AWX	clock_h5_R_slope_0_min	Hour 5 - Average slow wave slope (uV/s) from 0 to min of negative in REM stage.
AWY	clock_h5_R_slope_min_max	Hour 5 - Average slow wave slope (uV/s) from min of negative to max of positive in REM stage.
AWZ	clock_h5_R_slope_max_0	Hour 5 - Average slow wave slope (uV/s) from max of positive to the 0 crossing in REM stage.
AXA	clock_h5_R_trans_freq_Hz	Hour 5 - Average slow wave transition frequency (Hz) in REM stage.
AXB	clock_h5_R_sw_density	Hour 5 - Slow wave density (count/min) in REM stage.
AXC	clock_h6_valid_min	Hour 6 - Valid (no artifact) duration (min) available for detection minus the REM periods if excluded.
AXD	clock_h6_min	Hour 6 duration (min) minus the REM periods if excluded.
AXE	clock_h6_sw_count	Hour 6 - Slow wave count in all stages.
AXF	clock_h6_sw_sec	Hour 6 - Average slow wave duration (s) in all stages.
AXG	clock_h6_pkpk_amp_uV	Hour 6 - Average slow wave peak-to-peak amplitude (µV) in all stages.
AXH	clock_h6_freq_Hz	Hour 6 - Average slow wave frequency (Hz) in all stages.
AXI	clock_h6_neg_amp_uV	Hour 6 - Average slow wave negative amplitude (µV) in all stages.
AXJ	clock_h6_neg_sec	Hour 6 - Average slow wave negative duration (s) in all stages.
AXK	clock_h6_neg_peak_sec	Hour 6 - Average slow wave duration (s) from onset to the negative peak in all stages.
AXL	clock_h6_pos_sec	Hour 6 - Average slow wave positive duration (s) in all stages.
AXM	clock_h6_pos_peak_sec	Hour 6 - Average slow wave duration (s) from onset to the positive peak in all stages.
AXN	clock_h6_slope_0_min	Hour 6 - Average slow wave slope (uV/s) from 0 to min of negative in all stages.
AXO	clock_h6_slope_min_max	Hour 6 - Average slow wave slope (uV/s) from min of negative to max of positive in all stages.
AXP	clock_h6_slope_max_0	Hour 6 - Average slow wave slope (uV/s) from max of positive to the 0 crossing in all stages.
AXQ	clock_h6_trans_freq_Hz	Hour 6 - Average slow wave transition frequency (Hz) in all stages.
AXR	clock_h6_sw_density	Hour 6 - Slow wave density (count/min)
AXS	clock_h6_N1_valid_min	Hour 6 - Valid (no artifact) duration (min) in N1 stage available for detection minus the REM periods if excluded.
AXT	clock_h6_N1_sw_count	Hour 6 - Slow wave count in N1 stage.
AXU	clock_h6_N1_sw_sec	Hour 6 - Average slow wave duration (s) in N1 stage.
AXV	clock_h6_N1_pkpk_amp_uV	Hour 6 - Average slow wave peak-to-peak amplitude (µV) in N1 stage.
AXW	clock_h6_N1_freq_Hz	Hour 6 - Average slow wave frequency (Hz) in N1 stage.
AXX	clock_h6_N1_neg_amp_uV	Hour 6 - Average slow wave negative amplitude (µV) in N1 stage.
AXY	clock_h6_N1_neg_sec	Hour 6 - Average slow wave negative duration (s) in N1 stage.
AXZ	clock_h6_N1_neg_peak_sec	Hour 6 - Average slow wave duration (s) from onset to the negative peak in N1 stage.
AYA	clock_h6_N1_pos_sec	Hour 6 - Average slow wave positive duration (s) in N1 stage.
AYB	clock_h6_N1_pos_peak_sec	Hour 6 - Average slow wave duration (s) from onset to the positive peak in N1 stage.
AYC	clock_h6_N1_slope_0_min	Hour 6 - Average slow wave slope (uV/s) from 0 to min of negative in N1 stage.
AYD	clock_h6_N1_slope_min_max	Hour 6 - Average slow wave slope (uV/s) from min of negative to max of positive in N1 stage.
AYE	clock_h6_N1_slope_max_0	Hour 6 - Average slow wave slope (uV/s) from max of positive to the 0 crossing in N1 stage.
AYF	clock_h6_N1_trans_freq_Hz	Hour 6 - Average slow wave transition frequency (Hz) in N1 stage.
AYG	clock_h6_N1_sw_density	Hour 6 - Slow wave density (count/min) in N1 stage.
AYH	clock_h6_N2_valid_min	Hour 6 - Valid (no artifact) duration (min) in N2 stage available for detection minus the REM periods if excluded.
AYI	clock_h6_N2_sw_count	Hour 6 - Slow wave count in N2 stage.
AYJ	clock_h6_N2_sw_sec	Hour 6 - Average slow wave duration (s) in N2 stage.
AYK	clock_h6_N2_pkpk_amp_uV	Hour 6 - Average slow wave peak-to-peak amplitude (µV) in N2 stage.
AYL	clock_h6_N2_freq_Hz	Hour 6 - Average slow wave frequency (Hz) in N2 stage.
AYM	clock_h6_N2_neg_amp_uV	Hour 6 - Average slow wave negative amplitude (µV) in N2 stage.
AYN	clock_h6_N2_neg_sec	Hour 6 - Average slow wave negative duration (s) in N2 stage.
AYO	clock_h6_N2_neg_peak_sec	Hour 6 - Average slow wave duration (s) from onset to the negative peak in N2 stage.
AYP	clock_h6_N2_pos_sec	Hour 6 - Average slow wave positive duration (s) in N2 stage.
AYQ	clock_h6_N2_pos_peak_sec	Hour 6 - Average slow wave duration (s) from onset to the positive peak in N2 stage.
AYR	clock_h6_N2_slope_0_min	Hour 6 - Average slow wave slope (uV/s) from 0 to min of negative in N2 stage.
AYS	clock_h6_N2_slope_min_max	Hour 6 - Average slow wave slope (uV/s) from min of negative to max of positive in N2 stage.
AYT	clock_h6_N2_slope_max_0	Hour 6 - Average slow wave slope (uV/s) from max of positive to the 0 crossing in N2 stage.
AYU	clock_h6_N2_trans_freq_Hz	Hour 6 - Average slow wave transition frequency (Hz) in N2 stage.
AYV	clock_h6_N2_sw_density	Hour 6 - Slow wave density (count/min) in N2 stage.
AYW	clock_h6_N3_valid_min	Hour 6 - Valid (no artifact) duration (min) in N3 stage available for detection minus the REM periods if excluded.
AYX	clock_h6_N3_sw_count	Hour 6 - Slow wave count in N3 stage.
AYY	clock_h6_N3_sw_sec	Hour 6 - Average slow wave duration (s) in N3 stage.
AYZ	clock_h6_N3_pkpk_amp_uV	Hour 6 - Average slow wave peak-to-peak amplitude (µV) in N3 stage.
AZA	clock_h6_N3_freq_Hz	Hour 6 - Average slow wave frequency (Hz) in N3 stage.
AZB	clock_h6_N3_neg_amp_uV	Hour 6 - Average slow wave negative amplitude (µV) in N3 stage.
AZC	clock_h6_N3_neg_sec	Hour 6 - Average slow wave negative duration (s) in N3 stage.
AZD	clock_h6_N3_neg_peak_sec	Hour 6 - Average slow wave duration (s) from onset to the negative peak in N3 stage.
AZE	clock_h6_N3_pos_sec	Hour 6 - Average slow wave positive duration (s) in N3 stage.
AZF	clock_h6_N3_pos_peak_sec	Hour 6 - Average slow wave duration (s) from onset to the positive peak in N3 stage.
AZG	clock_h6_N3_slope_0_min	Hour 6 - Average slow wave slope (uV/s) from 0 to min of negative in N3 stage.
AZH	clock_h6_N3_slope_min_max	Hour 6 - Average slow wave slope (uV/s) from min of negative to max of positive in N3 stage.
AZI	clock_h6_N3_slope_max_0	Hour 6 - Average slow wave slope (uV/s) from max of positive to the 0 crossing in N3 stage.
AZJ	clock_h6_N3_trans_freq_Hz	Hour 6 - Average slow wave transition frequency (Hz) in N3 stage.
AZK	clock_h6_N3_sw_density	Hour 6 - Slow wave density (count/min) in N3 stage.
AZL	clock_h6_N2N3_valid_min	Hour 6 - Valid (no artifact) duration (min) in N2 and N3 stage available for detection minus the REM periods if excluded.
AZM	clock_h6_N2N3_sw_count	Hour 6 - Slow wave count in N2 and N3 stage.
AZN	clock_h6_N2N3_sw_sec	Hour 6 - Average slow wave duration (s) in N2 and N3 stage.
AZO	clock_h6_N2N3_pkpk_amp_uV	Hour 6 - Average slow wave peak-to-peak amplitude (µV) in N2 and N3 stage.
AZP	clock_h6_N2N3_freq_Hz	Hour 6 - Average slow wave frequency (Hz) in N2 and N3 stage.
AZQ	clock_h6_N2N3_neg_amp_uV	Hour 6 - Average slow wave negative amplitude (µV) in N2 and N3 stage.
AZR	clock_h6_N2N3_neg_sec	Hour 6 - Average slow wave negative duration (s) in N2 and N3 stage.
AZS	clock_h6_N2N3_neg_peak_sec	Hour 6 - Average slow wave duration (s) from onset to the negative peak in N2 and N3 stage.
AZT	clock_h6_N2N3_pos_sec	Hour 6 - Average slow wave positive duration (s) in N2 and N3 stage.
AZU	clock_h6_N2N3_pos_peak_sec	Hour 6 - Average slow wave duration (s) from onset to the positive peak in N2 and N3 stage.
AZV	clock_h6_N2N3_slope_0_min	Hour 6 - Average slow wave slope (uV/s) from 0 to min of negative in N2 and N3 stage.
AZW	clock_h6_N2N3_slope_min_max	Hour 6 - Average slow wave slope (uV/s) from min of negative to max of positive in N2 and N3 stage.
AZX	clock_h6_N2N3_slope_max_0	Hour 6 - Average slow wave slope (uV/s) from max of positive to the 0 crossing in N2 and N3 stage.
AZY	clock_h6_N2N3_trans_freq_Hz	Hour 6 - Average slow wave transition frequency (Hz) in N2 and N3 stage.
AZZ	clock_h6_N2N3_sw_density	Hour 6 - Slow wave density (count/min) in N2 and N3 stage.
BAA	clock_h6_NREM_valid_min	Hour 6 - Valid (no artifact) duration (min) in NREM stage (N1, N2, N3) available for detection minus the REM periods if excluded.
BAB	clock_h6_NREM_sw_count	Hour 6 - Slow wave count in NREM stage (N1, N2, N3).
BAC	clock_h6_NREM_sw_sec	Hour 6 - Average slow wave duration (s) in NREM stage (N1, N2, N3).
BAD	clock_h6_NREM_pkpk_amp_uV	Hour 6 - Average slow wave peak-to-peak amplitude (µV) in NREM stage (N1, N2, N3).
BAE	clock_h6_NREM_freq_Hz	Hour 6 - Average slow wave frequency (Hz) in NREM stage (N1, N2, N3).
BAF	clock_h6_NREM_neg_amp_uV	Hour 6 - Average slow wave negative amplitude (µV) in NREM stage (N1, N2, N3).
BAG	clock_h6_NREM_neg_sec	Hour 6 - Average slow wave negative duration (s) in NREM stage (N1, N2, N3).
BAH	clock_h6_NREM_neg_peak_sec	Hour 6 - Average slow wave duration (s) from onset to the negative peak in NREM stage (N1, N2, N3).
BAI	clock_h6_NREM_pos_sec	Hour 6 - Average slow wave positive duration (s) in NREM stage (N1, N2, N3).
BAJ	clock_h6_NREM_pos_peak_sec	Hour 6 - Average slow wave duration (s) from onset to the positive peak in NREM stage (N1, N2, N3).
BAK	clock_h6_NREM_slope_0_min	Hour 6 - Average slow wave slope (uV/s) from 0 to min of negative in NREM stage (N1, N2, N3).
BAL	clock_h6_NREM_slope_min_max	Hour 6 - Average slow wave slope (uV/s) from min of negative to max of positive in NREM stage (N1, N2, N3).
BAM	clock_h6_NREM_slope_max_0	Hour 6 - Average slow wave slope (uV/s) from max of positive to the 0 crossing in NREM stage (N1, N2, N3).
BAN	clock_h6_NREM_trans_freq_Hz	Hour 6 - Average slow wave transition frequency (Hz) in NREM stage (N1, N2, N3).
BAO	clock_h6_NREM_sw_density	Hour 6 - Slow wave density (count/min) in NREM stage (N1, N2, N3).
BAP	clock_h6_R_valid_min	Hour 6 - Valid (no artifact) duration (min) in REM stage available for detection.
BAQ	clock_h6_R_sw_count	Hour 6 - Slow wave count in REM stage.
BAR	clock_h6_R_sw_sec	Hour 6 - Average slow wave duration (s) in REM stage.
BAS	clock_h6_R_pkpk_amp_uV	Hour 6 - Average slow wave peak-to-peak amplitude (µV) in REM stage.
BAT	clock_h6_R_freq_Hz	Hour 6 - Average slow wave frequency (Hz) in REM stage.
BAU	clock_h6_R_neg_amp_uV	Hour 6 - Average slow wave negative amplitude (µV) in REM stage.
BAV	clock_h6_R_neg_sec	Hour 6 - Average slow wave negative duration (s) in REM stage.
BAW	clock_h6_R_neg_peak_sec	Hour 6 - Average slow wave duration (s) from onset to the negative peak in REM stage.
BAX	clock_h6_R_pos_sec	Hour 6 - Average slow wave positive duration (s) in REM stage.
BAY	clock_h6_R_pos_peak_sec	Hour 6 - Average slow wave duration (s) from onset to the positive peak in REM stage.
BAZ	clock_h6_R_slope_0_min	Hour 6 - Average slow wave slope (uV/s) from 0 to min of negative in REM stage.
BBA	clock_h6_R_slope_min_max	Hour 6 - Average slow wave slope (uV/s) from min of negative to max of positive in REM stage.
BBB	clock_h6_R_slope_max_0	Hour 6 - Average slow wave slope (uV/s) from max of positive to the 0 crossing in REM stage.
BBC	clock_h6_R_trans_freq_Hz	Hour 6 - Average slow wave transition frequency (Hz) in REM stage.
BBD	clock_h6_R_sw_density	Hour 6 - Slow wave density (count/min) in REM stage.
BBE	clock_h7_valid_min	Hour 7 - Valid (no artifact) duration (min) available for detection minus the REM periods if excluded.
BBF	clock_h7_min	Hour 7 duration (min) minus the REM periods if excluded.
BBG	clock_h7_sw_count	Hour 7 - Slow wave count in all stages.
BBH	clock_h7_sw_sec	Hour 7 - Average slow wave duration (s) in all stages.
BBI	clock_h7_pkpk_amp_uV	Hour 7 - Average slow wave peak-to-peak amplitude (µV) in all stages.
BBJ	clock_h7_freq_Hz	Hour 7 - Average slow wave frequency (Hz) in all stages.
BBK	clock_h7_neg_amp_uV	Hour 7 - Average slow wave negative amplitude (µV) in all stages.
BBL	clock_h7_neg_sec	Hour 7 - Average slow wave negative duration (s) in all stages.
BBM	clock_h7_neg_peak_sec	Hour 7 - Average slow wave duration (s) from onset to the negative peak in all stages.
BBN	clock_h7_pos_sec	Hour 7 - Average slow wave positive duration (s) in all stages.
BBO	clock_h7_pos_peak_sec	Hour 7 - Average slow wave duration (s) from onset to the positive peak in all stages.
BBP	clock_h7_slope_0_min	Hour 7 - Average slow wave slope (uV/s) from 0 to min of negative in all stages.
BBQ	clock_h7_slope_min_max	Hour 7 - Average slow wave slope (uV/s) from min of negative to max of positive in all stages.
BBR	clock_h7_slope_max_0	Hour 7 - Average slow wave slope (uV/s) from max of positive to the 0 crossing in all stages.
BBS	clock_h7_trans_freq_Hz	Hour 7 - Average slow wave transition frequency (Hz) in all stages.
BBT	clock_h7_sw_density	Hour 7 - Slow wave density (count/min)
BBU	clock_h7_N1_valid_min	Hour 7 - Valid (no artifact) duration (min) in N1 stage available for detection minus the REM periods if excluded.
BBV	clock_h7_N1_sw_count	Hour 7 - Slow wave count in N1 stage.
BBW	clock_h7_N1_sw_sec	Hour 7 - Average slow wave duration (s) in N1 stage.
BBX	clock_h7_N1_pkpk_amp_uV	Hour 7 - Average slow wave peak-to-peak amplitude (µV) in N1 stage.
BBY	clock_h7_N1_freq_Hz	Hour 7 - Average slow wave frequency (Hz) in N1 stage.
BBZ	clock_h7_N1_neg_amp_uV	Hour 7 - Average slow wave negative amplitude (µV) in N1 stage.
BCA	clock_h7_N1_neg_sec	Hour 7 - Average slow wave negative duration (s) in N1 stage.
BCB	clock_h7_N1_neg_peak_sec	Hour 7 - Average slow wave duration (s) from onset to the negative peak in N1 stage.
BCC	clock_h7_N1_pos_sec	Hour 7 - Average slow wave positive duration (s) in N1 stage.
BCD	clock_h7_N1_pos_peak_sec	Hour 7 - Average slow wave duration (s) from onset to the positive peak in N1 stage.
BCE	clock_h7_N1_slope_0_min	Hour 7 - Average slow wave slope (uV/s) from 0 to min of negative in N1 stage.
BCF	clock_h7_N1_slope_min_max	Hour 7 - Average slow wave slope (uV/s) from min of negative to max of positive in N1 stage.
BCG	clock_h7_N1_slope_max_0	Hour 7 - Average slow wave slope (uV/s) from max of positive to the 0 crossing in N1 stage.
BCH	clock_h7_N1_trans_freq_Hz	Hour 7 - Average slow wave transition frequency (Hz) in N1 stage.
BCI	clock_h7_N1_sw_density	Hour 7 - Slow wave density (count/min) in N1 stage.
BCJ	clock_h7_N2_valid_min	Hour 7 - Valid (no artifact) duration (min) in N2 stage available for detection minus the REM periods if excluded.
BCK	clock_h7_N2_sw_count	Hour 7 - Slow wave count in N2 stage.
BCL	clock_h7_N2_sw_sec	Hour 7 - Average slow wave duration (s) in N2 stage.
BCM	clock_h7_N2_pkpk_amp_uV	Hour 7 - Average slow wave peak-to-peak amplitude (µV) in N2 stage.
BCN	clock_h7_N2_freq_Hz	Hour 7 - Average slow wave frequency (Hz) in N2 stage.
BCO	clock_h7_N2_neg_amp_uV	Hour 7 - Average slow wave negative amplitude (µV) in N2 stage.
BCP	clock_h7_N2_neg_sec	Hour 7 - Average slow wave negative duration (s) in N2 stage.
BCQ	clock_h7_N2_neg_peak_sec	Hour 7 - Average slow wave duration (s) from onset to the negative peak in N2 stage.
BCR	clock_h7_N2_pos_sec	Hour 7 - Average slow wave positive duration (s) in N2 stage.
BCS	clock_h7_N2_pos_peak_sec	Hour 7 - Average slow wave duration (s) from onset to the positive peak in N2 stage.
BCT	clock_h7_N2_slope_0_min	Hour 7 - Average slow wave slope (uV/s) from 0 to min of negative in N2 stage.
BCU	clock_h7_N2_slope_min_max	Hour 7 - Average slow wave slope (uV/s) from min of negative to max of positive in N2 stage.
BCV	clock_h7_N2_slope_max_0	Hour 7 - Average slow wave slope (uV/s) from max of positive to the 0 crossing in N2 stage.
BCW	clock_h7_N2_trans_freq_Hz	Hour 7 - Average slow wave transition frequency (Hz) in N2 stage.
BCX	clock_h7_N2_sw_density	Hour 7 - Slow wave density (count/min) in N2 stage.
BCY	clock_h7_N3_valid_min	Hour 7 - Valid (no artifact) duration (min) in N3 stage available for detection minus the REM periods if excluded.
BCZ	clock_h7_N3_sw_count	Hour 7 - Slow wave count in N3 stage.
BDA	clock_h7_N3_sw_sec	Hour 7 - Average slow wave duration (s) in N3 stage.
BDB	clock_h7_N3_pkpk_amp_uV	Hour 7 - Average slow wave peak-to-peak amplitude (µV) in N3 stage.
BDC	clock_h7_N3_freq_Hz	Hour 7 - Average slow wave frequency (Hz) in N3 stage.
BDD	clock_h7_N3_neg_amp_uV	Hour 7 - Average slow wave negative amplitude (µV) in N3 stage.
BDE	clock_h7_N3_neg_sec	Hour 7 - Average slow wave negative duration (s) in N3 stage.
BDF	clock_h7_N3_neg_peak_sec	Hour 7 - Average slow wave duration (s) from onset to the negative peak in N3 stage.
BDG	clock_h7_N3_pos_sec	Hour 7 - Average slow wave positive duration (s) in N3 stage.
BDH	clock_h7_N3_pos_peak_sec	Hour 7 - Average slow wave duration (s) from onset to the positive peak in N3 stage.
BDI	clock_h7_N3_slope_0_min	Hour 7 - Average slow wave slope (uV/s) from 0 to min of negative in N3 stage.
BDJ	clock_h7_N3_slope_min_max	Hour 7 - Average slow wave slope (uV/s) from min of negative to max of positive in N3 stage.
BDK	clock_h7_N3_slope_max_0	Hour 7 - Average slow wave slope (uV/s) from max of positive to the 0 crossing in N3 stage.
BDL	clock_h7_N3_trans_freq_Hz	Hour 7 - Average slow wave transition frequency (Hz) in N3 stage.
BDM	clock_h7_N3_sw_density	Hour 7 - Slow wave density (count/min) in N3 stage.
BDN	clock_h7_N2N3_valid_min	Hour 7 - Valid (no artifact) duration (min) in N2 and N3 stage available for detection minus the REM periods if excluded.
BDO	clock_h7_N2N3_sw_count	Hour 7 - Slow wave count in N2 and N3 stage.
BDP	clock_h7_N2N3_sw_sec	Hour 7 - Average slow wave duration (s) in N2 and N3 stage.
BDQ	clock_h7_N2N3_pkpk_amp_uV	Hour 7 - Average slow wave peak-to-peak amplitude (µV) in N2 and N3 stage.
BDR	clock_h7_N2N3_freq_Hz	Hour 7 - Average slow wave frequency (Hz) in N2 and N3 stage.
BDS	clock_h7_N2N3_neg_amp_uV	Hour 7 - Average slow wave negative amplitude (µV) in N2 and N3 stage.
BDT	clock_h7_N2N3_neg_sec	Hour 7 - Average slow wave negative duration (s) in N2 and N3 stage.
BDU	clock_h7_N2N3_neg_peak_sec	Hour 7 - Average slow wave duration (s) from onset to the negative peak in N2 and N3 stage.
BDV	clock_h7_N2N3_pos_sec	Hour 7 - Average slow wave positive duration (s) in N2 and N3 stage.
BDW	clock_h7_N2N3_pos_peak_sec	Hour 7 - Average slow wave duration (s) from onset to the positive peak in N2 and N3 stage.
BDX	clock_h7_N2N3_slope_0_min	Hour 7 - Average slow wave slope (uV/s) from 0 to min of negative in N2 and N3 stage.
BDY	clock_h7_N2N3_slope_min_max	Hour 7 - Average slow wave slope (uV/s) from min of negative to max of positive in N2 and N3 stage.
BDZ	clock_h7_N2N3_slope_max_0	Hour 7 - Average slow wave slope (uV/s) from max of positive to the 0 crossing in N2 and N3 stage.
BEA	clock_h7_N2N3_trans_freq_Hz	Hour 7 - Average slow wave transition frequency (Hz) in N2 and N3 stage.
BEB	clock_h7_N2N3_sw_density	Hour 7 - Slow wave density (count/min) in N2 and N3 stage.
BEC	clock_h7_NREM_valid_min	Hour 7 - Valid (no artifact) duration (min) in NREM stage (N1, N2, N3) available for detection minus the REM periods if excluded.
BED	clock_h7_NREM_sw_count	Hour 7 - Slow wave count in NREM stage (N1, N2, N3).
BEE	clock_h7_NREM_sw_sec	Hour 7 - Average slow wave duration (s) in NREM stage (N1, N2, N3).
BEF	clock_h7_NREM_pkpk_amp_uV	Hour 7 - Average slow wave peak-to-peak amplitude (µV) in NREM stage (N1, N2, N3).
BEG	clock_h7_NREM_freq_Hz	Hour 7 - Average slow wave frequency (Hz) in NREM stage (N1, N2, N3).
BEH	clock_h7_NREM_neg_amp_uV	Hour 7 - Average slow wave negative amplitude (µV) in NREM stage (N1, N2, N3).
BEI	clock_h7_NREM_neg_sec	Hour 7 - Average slow wave negative duration (s) in NREM stage (N1, N2, N3).
BEJ	clock_h7_NREM_neg_peak_sec	Hour 7 - Average slow wave duration (s) from onset to the negative peak in NREM stage (N1, N2, N3).
BEK	clock_h7_NREM_pos_sec	Hour 7 - Average slow wave positive duration (s) in NREM stage (N1, N2, N3).
BEL	clock_h7_NREM_pos_peak_sec	Hour 7 - Average slow wave duration (s) from onset to the positive peak in NREM stage (N1, N2, N3).
BEM	clock_h7_NREM_slope_0_min	Hour 7 - Average slow wave slope (uV/s) from 0 to min of negative in NREM stage (N1, N2, N3).
BEN	clock_h7_NREM_slope_min_max	Hour 7 - Average slow wave slope (uV/s) from min of negative to max of positive in NREM stage (N1, N2, N3).
BEO	clock_h7_NREM_slope_max_0	Hour 7 - Average slow wave slope (uV/s) from max of positive to the 0 crossing in NREM stage (N1, N2, N3).
BEP	clock_h7_NREM_trans_freq_Hz	Hour 7 - Average slow wave transition frequency (Hz) in NREM stage (N1, N2, N3).
BEQ	clock_h7_NREM_sw_density	Hour 7 - Slow wave density (count/min) in NREM stage (N1, N2, N3).
BER	clock_h7_R_valid_min	Hour 7 - Valid (no artifact) duration (min) in REM stage available for detection.
BES	clock_h7_R_sw_count	Hour 7 - Slow wave count in REM stage.
BET	clock_h7_R_sw_sec	Hour 7 - Average slow wave duration (s) in REM stage.
BEU	clock_h7_R_pkpk_amp_uV	Hour 7 - Average slow wave peak-to-peak amplitude (µV) in REM stage.
BEV	clock_h7_R_freq_Hz	Hour 7 - Average slow wave frequency (Hz) in REM stage.
BEW	clock_h7_R_neg_amp_uV	Hour 7 - Average slow wave negative amplitude (µV) in REM stage.
BEX	clock_h7_R_neg_sec	Hour 7 - Average slow wave negative duration (s) in REM stage.
BEY	clock_h7_R_neg_peak_sec	Hour 7 - Average slow wave duration (s) from onset to the negative peak in REM stage.
BEZ	clock_h7_R_pos_sec	Hour 7 - Average slow wave positive duration (s) in REM stage.
BFA	clock_h7_R_pos_peak_sec	Hour 7 - Average slow wave duration (s) from onset to the positive peak in REM stage.
BFB	clock_h7_R_slope_0_min	Hour 7 - Average slow wave slope (uV/s) from 0 to min of negative in REM stage.
BFC	clock_h7_R_slope_min_max	Hour 7 - Average slow wave slope (uV/s) from min of negative to max of positive in REM stage.
BFD	clock_h7_R_slope_max_0	Hour 7 - Average slow wave slope (uV/s) from max of positive to the 0 crossing in REM stage.
BFE	clock_h7_R_trans_freq_Hz	Hour 7 - Average slow wave transition frequency (Hz) in REM stage.
BFF	clock_h7_R_sw_density	Hour 7 - Slow wave density (count/min) in REM stage.
BFG	clock_h8_valid_min	Hour 8 - Valid (no artifact) duration (min) available for detection minus the REM periods if excluded.
BFH	clock_h8_min	Hour 8 duration (min) minus the REM periods if excluded.
BFI	clock_h8_sw_count	Hour 8 - Slow wave count in all stages.
BFJ	clock_h8_sw_sec	Hour 8 - Average slow wave duration (s) in all stages.
BFK	clock_h8_pkpk_amp_uV	Hour 8 - Average slow wave peak-to-peak amplitude (µV) in all stages.
BFL	clock_h8_freq_Hz	Hour 8 - Average slow wave frequency (Hz) in all stages.
BFM	clock_h8_neg_amp_uV	Hour 8 - Average slow wave negative amplitude (µV) in all stages.
BFN	clock_h8_neg_sec	Hour 8 - Average slow wave negative duration (s) in all stages.
BFO	clock_h8_neg_peak_sec	Hour 8 - Average slow wave duration (s) from onset to the negative peak in all stages.
BFP	clock_h8_pos_sec	Hour 8 - Average slow wave positive duration (s) in all stages.
BFQ	clock_h8_pos_peak_sec	Hour 8 - Average slow wave duration (s) from onset to the positive peak in all stages.
BFR	clock_h8_slope_0_min	Hour 8 - Average slow wave slope (uV/s) from 0 to min of negative in all stages.
BFS	clock_h8_slope_min_max	Hour 8 - Average slow wave slope (uV/s) from min of negative to max of positive in all stages.
BFT	clock_h8_slope_max_0	Hour 8 - Average slow wave slope (uV/s) from max of positive to the 0 crossing in all stages.
BFU	clock_h8_trans_freq_Hz	Hour 8 - Average slow wave transition frequency (Hz) in all stages.
BFV	clock_h8_sw_density	Hour 8 - Slow wave density (count/min)
BFW	clock_h8_N1_valid_min	Hour 8 - Valid (no artifact) duration (min) in N1 stage available for detection minus the REM periods if excluded.
BFX	clock_h8_N1_sw_count	Hour 8 - Slow wave count in N1 stage.
BFY	clock_h8_N1_sw_sec	Hour 8 - Average slow wave duration (s) in N1 stage.
BFZ	clock_h8_N1_pkpk_amp_uV	Hour 8 - Average slow wave peak-to-peak amplitude (µV) in N1 stage.
BGA	clock_h8_N1_freq_Hz	Hour 8 - Average slow wave frequency (Hz) in N1 stage.
BGB	clock_h8_N1_neg_amp_uV	Hour 8 - Average slow wave negative amplitude (µV) in N1 stage.
BGC	clock_h8_N1_neg_sec	Hour 8 - Average slow wave negative duration (s) in N1 stage.
BGD	clock_h8_N1_neg_peak_sec	Hour 8 - Average slow wave duration (s) from onset to the negative peak in N1 stage.
BGE	clock_h8_N1_pos_sec	Hour 8 - Average slow wave positive duration (s) in N1 stage.
BGF	clock_h8_N1_pos_peak_sec	Hour 8 - Average slow wave duration (s) from onset to the positive peak in N1 stage.
BGG	clock_h8_N1_slope_0_min	Hour 8 - Average slow wave slope (uV/s) from 0 to min of negative in N1 stage.
BGH	clock_h8_N1_slope_min_max	Hour 8 - Average slow wave slope (uV/s) from min of negative to max of positive in N1 stage.
BGI	clock_h8_N1_slope_max_0	Hour 8 - Average slow wave slope (uV/s) from max of positive to the 0 crossing in N1 stage.
BGJ	clock_h8_N1_trans_freq_Hz	Hour 8 - Average slow wave transition frequency (Hz) in N1 stage.
BGK	clock_h8_N1_sw_density	Hour 8 - Slow wave density (count/min) in N1 stage.
BGL	clock_h8_N2_valid_min	Hour 8 - Valid (no artifact) duration (min) in N2 stage available for detection minus the REM periods if excluded.
BGM	clock_h8_N2_sw_count	Hour 8 - Slow wave count in N2 stage.
BGN	clock_h8_N2_sw_sec	Hour 8 - Average slow wave duration (s) in N2 stage.
BGO	clock_h8_N2_pkpk_amp_uV	Hour 8 - Average slow wave peak-to-peak amplitude (µV) in N2 stage.
BGP	clock_h8_N2_freq_Hz	Hour 8 - Average slow wave frequency (Hz) in N2 stage.
BGQ	clock_h8_N2_neg_amp_uV	Hour 8 - Average slow wave negative amplitude (µV) in N2 stage.
BGR	clock_h8_N2_neg_sec	Hour 8 - Average slow wave negative duration (s) in N2 stage.
BGS	clock_h8_N2_neg_peak_sec	Hour 8 - Average slow wave duration (s) from onset to the negative peak in N2 stage.
BGT	clock_h8_N2_pos_sec	Hour 8 - Average slow wave positive duration (s) in N2 stage.
BGU	clock_h8_N2_pos_peak_sec	Hour 8 - Average slow wave duration (s) from onset to the positive peak in N2 stage.
BGV	clock_h8_N2_slope_0_min	Hour 8 - Average slow wave slope (uV/s) from 0 to min of negative in N2 stage.
BGW	clock_h8_N2_slope_min_max	Hour 8 - Average slow wave slope (uV/s) from min of negative to max of positive in N2 stage.
BGX	clock_h8_N2_slope_max_0	Hour 8 - Average slow wave slope (uV/s) from max of positive to the 0 crossing in N2 stage.
BGY	clock_h8_N2_trans_freq_Hz	Hour 8 - Average slow wave transition frequency (Hz) in N2 stage.
BGZ	clock_h8_N2_sw_density	Hour 8 - Slow wave density (count/min) in N2 stage.
BHA	clock_h8_N3_valid_min	Hour 8 - Valid (no artifact) duration (min) in N3 stage available for detection minus the REM periods if excluded.
BHB	clock_h8_N3_sw_count	Hour 8 - Slow wave count in N3 stage.
BHC	clock_h8_N3_sw_sec	Hour 8 - Average slow wave duration (s) in N3 stage.
BHD	clock_h8_N3_pkpk_amp_uV	Hour 8 - Average slow wave peak-to-peak amplitude (µV) in N3 stage.
BHE	clock_h8_N3_freq_Hz	Hour 8 - Average slow wave frequency (Hz) in N3 stage.
BHF	clock_h8_N3_neg_amp_uV	Hour 8 - Average slow wave negative amplitude (µV) in N3 stage.
BHG	clock_h8_N3_neg_sec	Hour 8 - Average slow wave negative duration (s) in N3 stage.
BHH	clock_h8_N3_neg_peak_sec	Hour 8 - Average slow wave duration (s) from onset to the negative peak in N3 stage.
BHI	clock_h8_N3_pos_sec	Hour 8 - Average slow wave positive duration (s) in N3 stage.
BHJ	clock_h8_N3_pos_peak_sec	Hour 8 - Average slow wave duration (s) from onset to the positive peak in N3 stage.
BHK	clock_h8_N3_slope_0_min	Hour 8 - Average slow wave slope (uV/s) from 0 to min of negative in N3 stage.
BHL	clock_h8_N3_slope_min_max	Hour 8 - Average slow wave slope (uV/s) from min of negative to max of positive in N3 stage.
BHM	clock_h8_N3_slope_max_0	Hour 8 - Average slow wave slope (uV/s) from max of positive to the 0 crossing in N3 stage.
BHN	clock_h8_N3_trans_freq_Hz	Hour 8 - Average slow wave transition frequency (Hz) in N3 stage.
BHO	clock_h8_N3_sw_density	Hour 8 - Slow wave density (count/min) in N3 stage.
BHP	clock_h8_N2N3_valid_min	Hour 8 - Valid (no artifact) duration (min) in N2 and N3 stage available for detection minus the REM periods if excluded.
BHQ	clock_h8_N2N3_sw_count	Hour 8 - Slow wave count in N2 and N3 stage.
BHR	clock_h8_N2N3_sw_sec	Hour 8 - Average slow wave duration (s) in N2 and N3 stage.
BHS	clock_h8_N2N3_pkpk_amp_uV	Hour 8 - Average slow wave peak-to-peak amplitude (µV) in N2 and N3 stage.
BHT	clock_h8_N2N3_freq_Hz	Hour 8 - Average slow wave frequency (Hz) in N2 and N3 stage.
BHU	clock_h8_N2N3_neg_amp_uV	Hour 8 - Average slow wave negative amplitude (µV) in N2 and N3 stage.
BHV	clock_h8_N2N3_neg_sec	Hour 8 - Average slow wave negative duration (s) in N2 and N3 stage.
BHW	clock_h8_N2N3_neg_peak_sec	Hour 8 - Average slow wave duration (s) from onset to the negative peak in N2 and N3 stage.
BHX	clock_h8_N2N3_pos_sec	Hour 8 - Average slow wave positive duration (s) in N2 and N3 stage.
BHY	clock_h8_N2N3_pos_peak_sec	Hour 8 - Average slow wave duration (s) from onset to the positive peak in N2 and N3 stage.
BHZ	clock_h8_N2N3_slope_0_min	Hour 8 - Average slow wave slope (uV/s) from 0 to min of negative in N2 and N3 stage.
BIA	clock_h8_N2N3_slope_min_max	Hour 8 - Average slow wave slope (uV/s) from min of negative to max of positive in N2 and N3 stage.
BIB	clock_h8_N2N3_slope_max_0	Hour 8 - Average slow wave slope (uV/s) from max of positive to the 0 crossing in N2 and N3 stage.
BIC	clock_h8_N2N3_trans_freq_Hz	Hour 8 - Average slow wave transition frequency (Hz) in N2 and N3 stage.
BID	clock_h8_N2N3_sw_density	Hour 8 - Slow wave density (count/min) in N2 and N3 stage.
BIE	clock_h8_NREM_valid_min	Hour 8 - Valid (no artifact) duration (min) in NREM stage (N1, N2, N3) available for detection minus the REM periods if excluded.
BIF	clock_h8_NREM_sw_count	Hour 8 - Slow wave count in NREM stage (N1, N2, N3).
BIG	clock_h8_NREM_sw_sec	Hour 8 - Average slow wave duration (s) in NREM stage (N1, N2, N3).
BIH	clock_h8_NREM_pkpk_amp_uV	Hour 8 - Average slow wave peak-to-peak amplitude (µV) in NREM stage (N1, N2, N3).
BII	clock_h8_NREM_freq_Hz	Hour 8 - Average slow wave frequency (Hz) in NREM stage (N1, N2, N3).
BIJ	clock_h8_NREM_neg_amp_uV	Hour 8 - Average slow wave negative amplitude (µV) in NREM stage (N1, N2, N3).
BIK	clock_h8_NREM_neg_sec	Hour 8 - Average slow wave negative duration (s) in NREM stage (N1, N2, N3).
BIL	clock_h8_NREM_neg_peak_sec	Hour 8 - Average slow wave duration (s) from onset to the negative peak in NREM stage (N1, N2, N3).
BIM	clock_h8_NREM_pos_sec	Hour 8 - Average slow wave positive duration (s) in NREM stage (N1, N2, N3).
BIN	clock_h8_NREM_pos_peak_sec	Hour 8 - Average slow wave duration (s) from onset to the positive peak in NREM stage (N1, N2, N3).
BIO	clock_h8_NREM_slope_0_min	Hour 8 - Average slow wave slope (uV/s) from 0 to min of negative in NREM stage (N1, N2, N3).
BIP	clock_h8_NREM_slope_min_max	Hour 8 - Average slow wave slope (uV/s) from min of negative to max of positive in NREM stage (N1, N2, N3).
BIQ	clock_h8_NREM_slope_max_0	Hour 8 - Average slow wave slope (uV/s) from max of positive to the 0 crossing in NREM stage (N1, N2, N3).
BIR	clock_h8_NREM_trans_freq_Hz	Hour 8 - Average slow wave transition frequency (Hz) in NREM stage (N1, N2, N3).
BIS	clock_h8_NREM_sw_density	Hour 8 - Slow wave density (count/min) in NREM stage (N1, N2, N3).
BIT	clock_h8_R_valid_min	Hour 8 - Valid (no artifact) duration (min) in REM stage available for detection.
BIU	clock_h8_R_sw_count	Hour 8 - Slow wave count in REM stage.
BIV	clock_h8_R_sw_sec	Hour 8 - Average slow wave duration (s) in REM stage.
BIW	clock_h8_R_pkpk_amp_uV	Hour 8 - Average slow wave peak-to-peak amplitude (µV) in REM stage.
BIX	clock_h8_R_freq_Hz	Hour 8 - Average slow wave frequency (Hz) in REM stage.
BIY	clock_h8_R_neg_amp_uV	Hour 8 - Average slow wave negative amplitude (µV) in REM stage.
BIZ	clock_h8_R_neg_sec	Hour 8 - Average slow wave negative duration (s) in REM stage.
BJA	clock_h8_R_neg_peak_sec	Hour 8 - Average slow wave duration (s) from onset to the negative peak in REM stage.
BJB	clock_h8_R_pos_sec	Hour 8 - Average slow wave positive duration (s) in REM stage.
BJC	clock_h8_R_pos_peak_sec	Hour 8 - Average slow wave duration (s) from onset to the positive peak in REM stage.
BJD	clock_h8_R_slope_0_min	Hour 8 - Average slow wave slope (uV/s) from 0 to min of negative in REM stage.
BJE	clock_h8_R_slope_min_max	Hour 8 - Average slow wave slope (uV/s) from min of negative to max of positive in REM stage.
BJF	clock_h8_R_slope_max_0	Hour 8 - Average slow wave slope (uV/s) from max of positive to the 0 crossing in REM stage.
BJG	clock_h8_R_trans_freq_Hz	Hour 8 - Average slow wave transition frequency (Hz) in REM stage.
BJH	clock_h8_R_sw_density	Hour 8 - Slow wave density (count/min) in REM stage.
BJI	clock_h9_valid_min	Hour 9 - Valid (no artifact) duration (min) available for detection minus the REM periods if excluded.
BJJ	clock_h9_min	Hour 9 duration (min) minus the REM periods if excluded.
BJK	clock_h9_sw_count	Hour 9 - Slow wave count in all stages.
BJL	clock_h9_sw_sec	Hour 9 - Average slow wave duration (s) in all stages.
BJM	clock_h9_pkpk_amp_uV	Hour 9 - Average slow wave peak-to-peak amplitude (µV) in all stages.
BJN	clock_h9_freq_Hz	Hour 9 - Average slow wave frequency (Hz) in all stages.
BJO	clock_h9_neg_amp_uV	Hour 9 - Average slow wave negative amplitude (µV) in all stages.
BJP	clock_h9_neg_sec	Hour 9 - Average slow wave negative duration (s) in all stages.
BJQ	clock_h9_neg_peak_sec	Hour 9 - Average slow wave duration (s) from onset to the negative peak in all stages.
BJR	clock_h9_pos_sec	Hour 9 - Average slow wave positive duration (s) in all stages.
BJS	clock_h9_pos_peak_sec	Hour 9 - Average slow wave duration (s) from onset to the positive peak in all stages.
BJT	clock_h9_slope_0_min	Hour 9 - Average slow wave slope (uV/s) from 0 to min of negative in all stages.
BJU	clock_h9_slope_min_max	Hour 9 - Average slow wave slope (uV/s) from min of negative to max of positive in all stages.
BJV	clock_h9_slope_max_0	Hour 9 - Average slow wave slope (uV/s) from max of positive to the 0 crossing in all stages.
BJW	clock_h9_trans_freq_Hz	Hour 9 - Average slow wave transition frequency (Hz) in all stages.
BJX	clock_h9_sw_density	Hour 9 - Slow wave density (count/min)
BJY	clock_h9_N1_valid_min	Hour 9 - Valid (no artifact) duration (min) in N1 stage available for detection minus the REM periods if excluded.
BJZ	clock_h9_N1_sw_count	Hour 9 - Slow wave count in N1 stage.
BKA	clock_h9_N1_sw_sec	Hour 9 - Average slow wave duration (s) in N1 stage.
BKB	clock_h9_N1_pkpk_amp_uV	Hour 9 - Average slow wave peak-to-peak amplitude (µV) in N1 stage.
BKC	clock_h9_N1_freq_Hz	Hour 9 - Average slow wave frequency (Hz) in N1 stage.
BKD	clock_h9_N1_neg_amp_uV	Hour 9 - Average slow wave negative amplitude (µV) in N1 stage.
BKE	clock_h9_N1_neg_sec	Hour 9 - Average slow wave negative duration (s) in N1 stage.
BKF	clock_h9_N1_neg_peak_sec	Hour 9 - Average slow wave duration (s) from onset to the negative peak in N1 stage.
BKG	clock_h9_N1_pos_sec	Hour 9 - Average slow wave positive duration (s) in N1 stage.
BKH	clock_h9_N1_pos_peak_sec	Hour 9 - Average slow wave duration (s) from onset to the positive peak in N1 stage.
BKI	clock_h9_N1_slope_0_min	Hour 9 - Average slow wave slope (uV/s) from 0 to min of negative in N1 stage.
BKJ	clock_h9_N1_slope_min_max	Hour 9 - Average slow wave slope (uV/s) from min of negative to max of positive in N1 stage.
BKK	clock_h9_N1_slope_max_0	Hour 9 - Average slow wave slope (uV/s) from max of positive to the 0 crossing in N1 stage.
BKL	clock_h9_N1_trans_freq_Hz	Hour 9 - Average slow wave transition frequency (Hz) in N1 stage.
BKM	clock_h9_N1_sw_density	Hour 9 - Slow wave density (count/min) in N1 stage.
BKN	clock_h9_N2_valid_min	Hour 9 - Valid (no artifact) duration (min) in N2 stage available for detection minus the REM periods if excluded.
BKO	clock_h9_N2_sw_count	Hour 9 - Slow wave count in N2 stage.
BKP	clock_h9_N2_sw_sec	Hour 9 - Average slow wave duration (s) in N2 stage.
BKQ	clock_h9_N2_pkpk_amp_uV	Hour 9 - Average slow wave peak-to-peak amplitude (µV) in N2 stage.
BKR	clock_h9_N2_freq_Hz	Hour 9 - Average slow wave frequency (Hz) in N2 stage.
BKS	clock_h9_N2_neg_amp_uV	Hour 9 - Average slow wave negative amplitude (µV) in N2 stage.
BKT	clock_h9_N2_neg_sec	Hour 9 - Average slow wave negative duration (s) in N2 stage.
BKU	clock_h9_N2_neg_peak_sec	Hour 9 - Average slow wave duration (s) from onset to the negative peak in N2 stage.
BKV	clock_h9_N2_pos_sec	Hour 9 - Average slow wave positive duration (s) in N2 stage.
BKW	clock_h9_N2_pos_peak_sec	Hour 9 - Average slow wave duration (s) from onset to the positive peak in N2 stage.
BKX	clock_h9_N2_slope_0_min	Hour 9 - Average slow wave slope (uV/s) from 0 to min of negative in N2 stage.
BKY	clock_h9_N2_slope_min_max	Hour 9 - Average slow wave slope (uV/s) from min of negative to max of positive in N2 stage.
BKZ	clock_h9_N2_slope_max_0	Hour 9 - Average slow wave slope (uV/s) from max of positive to the 0 crossing in N2 stage.
BLA	clock_h9_N2_trans_freq_Hz	Hour 9 - Average slow wave transition frequency (Hz) in N2 stage.
BLB	clock_h9_N2_sw_density	Hour 9 - Slow wave density (count/min) in N2 stage.
BLC	clock_h9_N3_valid_min	Hour 9 - Valid (no artifact) duration (min) in N3 stage available for detection minus the REM periods if excluded.
BLD	clock_h9_N3_sw_count	Hour 9 - Slow wave count in N3 stage.
BLE	clock_h9_N3_sw_sec	Hour 9 - Average slow wave duration (s) in N3 stage.
BLF	clock_h9_N3_pkpk_amp_uV	Hour 9 - Average slow wave peak-to-peak amplitude (µV) in N3 stage.
BLG	clock_h9_N3_freq_Hz	Hour 9 - Average slow wave frequency (Hz) in N3 stage.
BLH	clock_h9_N3_neg_amp_uV	Hour 9 - Average slow wave negative amplitude (µV) in N3 stage.
BLI	clock_h9_N3_neg_sec	Hour 9 - Average slow wave negative duration (s) in N3 stage.
BLJ	clock_h9_N3_neg_peak_sec	Hour 9 - Average slow wave duration (s) from onset to the negative peak in N3 stage.
BLK	clock_h9_N3_pos_sec	Hour 9 - Average slow wave positive duration (s) in N3 stage.
BLL	clock_h9_N3_pos_peak_sec	Hour 9 - Average slow wave duration (s) from onset to the positive peak in N3 stage.
BLM	clock_h9_N3_slope_0_min	Hour 9 - Average slow wave slope (uV/s) from 0 to min of negative in N3 stage.
BLN	clock_h9_N3_slope_min_max	Hour 9 - Average slow wave slope (uV/s) from min of negative to max of positive in N3 stage.
BLO	clock_h9_N3_slope_max_0	Hour 9 - Average slow wave slope (uV/s) from max of positive to the 0 crossing in N3 stage.
BLP	clock_h9_N3_trans_freq_Hz	Hour 9 - Average slow wave transition frequency (Hz) in N3 stage.
BLQ	clock_h9_N3_sw_density	Hour 9 - Slow wave density (count/min) in N3 stage.
BLR	clock_h9_N2N3_valid_min	Hour 9 - Valid (no artifact) duration (min) in N2 and N3 stage available for detection minus the REM periods if excluded.
BLS	clock_h9_N2N3_sw_count	Hour 9 - Slow wave count in N2 and N3 stage.
BLT	clock_h9_N2N3_sw_sec	Hour 9 - Average slow wave duration (s) in N2 and N3 stage.
BLU	clock_h9_N2N3_pkpk_amp_uV	Hour 9 - Average slow wave peak-to-peak amplitude (µV) in N2 and N3 stage.
BLV	clock_h9_N2N3_freq_Hz	Hour 9 - Average slow wave frequency (Hz) in N2 and N3 stage.
BLW	clock_h9_N2N3_neg_amp_uV	Hour 9 - Average slow wave negative amplitude (µV) in N2 and N3 stage.
BLX	clock_h9_N2N3_neg_sec	Hour 9 - Average slow wave negative duration (s) in N2 and N3 stage.
BLY	clock_h9_N2N3_neg_peak_sec	Hour 9 - Average slow wave duration (s) from onset to the negative peak in N2 and N3 stage.
BLZ	clock_h9_N2N3_pos_sec	Hour 9 - Average slow wave positive duration (s) in N2 and N3 stage.
BMA	clock_h9_N2N3_pos_peak_sec	Hour 9 - Average slow wave duration (s) from onset to the positive peak in N2 and N3 stage.
BMB	clock_h9_N2N3_slope_0_min	Hour 9 - Average slow wave slope (uV/s) from 0 to min of negative in N2 and N3 stage.
BMC	clock_h9_N2N3_slope_min_max	Hour 9 - Average slow wave slope (uV/s) from min of negative to max of positive in N2 and N3 stage.
BMD	clock_h9_N2N3_slope_max_0	Hour 9 - Average slow wave slope (uV/s) from max of positive to the 0 crossing in N2 and N3 stage.
BME	clock_h9_N2N3_trans_freq_Hz	Hour 9 - Average slow wave transition frequency (Hz) in N2 and N3 stage.
BMF	clock_h9_N2N3_sw_density	Hour 9 - Slow wave density (count/min) in N2 and N3 stage.
BMG	clock_h9_NREM_valid_min	Hour 9 - Valid (no artifact) duration (min) in NREM stage (N1, N2, N3) available for detection minus the REM periods if excluded.
BMH	clock_h9_NREM_sw_count	Hour 9 - Slow wave count in NREM stage (N1, N2, N3).
BMI	clock_h9_NREM_sw_sec	Hour 9 - Average slow wave duration (s) in NREM stage (N1, N2, N3).
BMJ	clock_h9_NREM_pkpk_amp_uV	Hour 9 - Average slow wave peak-to-peak amplitude (µV) in NREM stage (N1, N2, N3).
BMK	clock_h9_NREM_freq_Hz	Hour 9 - Average slow wave frequency (Hz) in NREM stage (N1, N2, N3).
BML	clock_h9_NREM_neg_amp_uV	Hour 9 - Average slow wave negative amplitude (µV) in NREM stage (N1, N2, N3).
BMM	clock_h9_NREM_neg_sec	Hour 9 - Average slow wave negative duration (s) in NREM stage (N1, N2, N3).
BMN	clock_h9_NREM_neg_peak_sec	Hour 9 - Average slow wave duration (s) from onset to the negative peak in NREM stage (N1, N2, N3).
BMO	clock_h9_NREM_pos_sec	Hour 9 - Average slow wave positive duration (s) in NREM stage (N1, N2, N3).
BMP	clock_h9_NREM_pos_peak_sec	Hour 9 - Average slow wave duration (s) from onset to the positive peak in NREM stage (N1, N2, N3).
BMQ	clock_h9_NREM_slope_0_min	Hour 9 - Average slow wave slope (uV/s) from 0 to min of negative in NREM stage (N1, N2, N3).
BMR	clock_h9_NREM_slope_min_max	Hour 9 - Average slow wave slope (uV/s) from min of negative to max of positive in NREM stage (N1, N2, N3).
BMS	clock_h9_NREM_slope_max_0	Hour 9 - Average slow wave slope (uV/s) from max of positive to the 0 crossing in NREM stage (N1, N2, N3).
BMT	clock_h9_NREM_trans_freq_Hz	Hour 9 - Average slow wave transition frequency (Hz) in NREM stage (N1, N2, N3).
BMU	clock_h9_NREM_sw_density	Hour 9 - Slow wave density (count/min) in NREM stage (N1, N2, N3).
BMV	clock_h9_R_valid_min	Hour 9 - Valid (no artifact) duration (min) in REM stage available for detection.
BMW	clock_h9_R_sw_count	Hour 9 - Slow wave count in REM stage.
BMX	clock_h9_R_sw_sec	Hour 9 - Average slow wave duration (s) in REM stage.
BMY	clock_h9_R_pkpk_amp_uV	Hour 9 - Average slow wave peak-to-peak amplitude (µV) in REM stage.
BMZ	clock_h9_R_freq_Hz	Hour 9 - Average slow wave frequency (Hz) in REM stage.
BNA	clock_h9_R_neg_amp_uV	Hour 9 - Average slow wave negative amplitude (µV) in REM stage.
BNB	clock_h9_R_neg_sec	Hour 9 - Average slow wave negative duration (s) in REM stage.
BNC	clock_h9_R_neg_peak_sec	Hour 9 - Average slow wave duration (s) from onset to the negative peak in REM stage.
BND	clock_h9_R_pos_sec	Hour 9 - Average slow wave positive duration (s) in REM stage.
BNE	clock_h9_R_pos_peak_sec	Hour 9 - Average slow wave duration (s) from onset to the positive peak in REM stage.
BNF	clock_h9_R_slope_0_min	Hour 9 - Average slow wave slope (uV/s) from 0 to min of negative in REM stage.
BNG	clock_h9_R_slope_min_max	Hour 9 - Average slow wave slope (uV/s) from min of negative to max of positive in REM stage.
BNH	clock_h9_R_slope_max_0	Hour 9 - Average slow wave slope (uV/s) from max of positive to the 0 crossing in REM stage.
BNI	clock_h9_R_trans_freq_Hz	Hour 9 - Average slow wave transition frequency (Hz) in REM stage.
BNJ	clock_h9_R_sw_density	Hour 9 - Slow wave density (count/min) in REM stage.
BNK	stage_h1_min	Stage Hour 1 duration (min) minus the REM periods if excluded.
BNL	stage_h1_sw_count	Stage Hour 1 - Slow wave count in all stages.
BNM	stage_h1_sw_sec	Stage Hour 1 - Average slow wave duration (s) in all stages.
BNN	stage_h1_pkpk_amp_uV	Stage Hour 1 - Average slow wave peak-to-peak amplitude (µV) in all stages.
BNO	stage_h1_freq_Hz	Stage Hour 1 - Average slow wave frequency (Hz) in all stages.
BNP	stage_h1_neg_amp_uV	Stage Hour 1 - Average slow wave negative amplitude (µV) in all stages.
BNQ	stage_h1_neg_sec	Stage Hour 1 - Average slow wave negative duration (s) in all stages.
BNR	stage_h1_neg_peak_sec	Stage Hour 1 - Average slow wave duration (s) from onset to the negative peak in all stages.
BNS	stage_h1_pos_sec	Stage Hour 1 - Average slow wave positive duration (s) in all stages.
BNT	stage_h1_pos_peak_sec	Stage Hour 1 - Average slow wave duration (s) from onset to the positive peak in all stages.
BNU	stage_h1_slope_0_min	Stage Hour 1 - Average slow wave slope (uV/s) from 0 to min of negative in all stages.
BNV	stage_h1_slope_min_max	Stage Hour 1 - Average slow wave slope (uV/s) from min of negative to max of positive in all stages.
BNW	stage_h1_slope_max_0	Stage Hour 1 - Average slow wave slope (uV/s) from max of positive to the 0 crossing in all stages.
BNX	stage_h1_trans_freq_Hz	Stage Hour 1 - Average slow wave transition frequency (Hz) in all stages.
BNY	stage_h1_sw_density	Stage Hour 1 - Slow wave density (count/min) in all stages.
BNZ	stage_h1_N1_valid_min	Stage Hour 1 - Valid (no artifact) duration (min) in N1 stage available for detection minus the REM periods if excluded.
BOA	stage_h1_N1_sw_count	Stage Hour 1 - Slow wave count in N1 stage.
BOB	stage_h1_N1_sw_sec	Stage Hour 1 - Average slow wave duration (s) in N1 stage.
BOC	stage_h1_N1_pkpk_amp_uV	Stage Hour 1 - Average slow wave peak-to-peak amplitude (µV) in N1 stage.
BOD	stage_h1_N1_freq_Hz	Stage Hour 1 - Average slow wave frequency (Hz) in N1 stage.
BOE	stage_h1_N1_neg_amp_uV	Stage Hour 1 - Average slow wave negative amplitude (µV) in N1 stage.
BOF	stage_h1_N1_neg_sec	Stage Hour 1 - Average slow wave negative duration (s) in N1 stage.
BOG	stage_h1_N1_neg_peak_sec	Stage Hour 1 - Average slow wave duration (s) from onset to the negative peak in N1 stage.
BOH	stage_h1_N1_pos_sec	Stage Hour 1 - Average slow wave positive duration (s) in N1 stage.
BOI	stage_h1_N1_pos_peak_sec	Stage Hour 1 - Average slow wave duration (s) from onset to the positive peak in N1 stage.
BOJ	stage_h1_N1_slope_0_min	Stage Hour 1 - Average slow wave slope (uV/s) from 0 to min of negative in N1 stage.
BOK	stage_h1_N1_slope_min_max	Stage Hour 1 - Average slow wave slope (uV/s) from min of negative to max of positive in N1 stage.
BOL	stage_h1_N1_slope_max_0	Stage Hour 1 - Average slow wave slope (uV/s) from max of positive to the 0 crossing in N1 stage.
BOM	stage_h1_N1_trans_freq_Hz	Stage Hour 1 - Average slow wave transition frequency (Hz) in N1 stage.
BON	stage_h1_N1_sw_density	Stage Hour 1 - Slow wave density (count/min) in N1 stage.
BOO	stage_h1_N2_valid_min	Stage Hour 1 - Valid (no artifact) duration (min) in N2 stage available for detection minus the REM periods if excluded.
BOP	stage_h1_N2_sw_count	Stage Hour 1 - Slow wave count in N2 stage.
BOQ	stage_h1_N2_sw_sec	Stage Hour 1 - Average slow wave duration (s) in N2 stage.
BOR	stage_h1_N2_pkpk_amp_uV	Stage Hour 1 - Average slow wave peak-to-peak amplitude (µV) in N2 stage.
BOS	stage_h1_N2_freq_Hz	Stage Hour 1 - Average slow wave frequency (Hz) in N2 stage.
BOT	stage_h1_N2_neg_amp_uV	Stage Hour 1 - Average slow wave negative amplitude (µV) in N2 stage.
BOU	stage_h1_N2_neg_sec	Stage Hour 1 - Average slow wave negative duration (s) in N2 stage.
BOV	stage_h1_N2_neg_peak_sec	Stage Hour 1 - Average slow wave duration (s) from onset to the negative peak in N2 stage.
BOW	stage_h1_N2_pos_sec	Stage Hour 1 - Average slow wave positive duration (s) in N2 stage.
BOX	stage_h1_N2_pos_peak_sec	Stage Hour 1 - Average slow wave duration (s) from onset to the positive peak in N2 stage.
BOY	stage_h1_N2_slope_0_min	Stage Hour 1 - Average slow wave slope (uV/s) from 0 to min of negative in N2 stage.
BOZ	stage_h1_N2_slope_min_max	Stage Hour 1 - Average slow wave slope (uV/s) from min of negative to max of positive in N2 stage.
BPA	stage_h1_N2_slope_max_0	Stage Hour 1 - Average slow wave slope (uV/s) from max of positive to the 0 crossing in N2 stage.
BPB	stage_h1_N2_trans_freq_Hz	Stage Hour 1 - Average slow wave transition frequency (Hz) in N2 stage.
BPC	stage_h1_N2_sw_density	Stage Hour 1 - Slow wave density (count/min) in N2 stage.
BPD	stage_h1_N3_valid_min	Stage Hour 1 - Valid (no artifact) duration (min) in N3 stage available for detection minus the REM periods if excluded.
BPE	stage_h1_N3_sw_count	Stage Hour 1 - Slow wave count in N3 stage.
BPF	stage_h1_N3_sw_sec	Stage Hour 1 - Average slow wave duration (s) in N3 stage.
BPG	stage_h1_N3_pkpk_amp_uV	Stage Hour 1 - Average slow wave peak-to-peak amplitude (µV) in N3 stage.
BPH	stage_h1_N3_freq_Hz	Stage Hour 1 - Average slow wave frequency (Hz) in N3 stage.
BPI	stage_h1_N3_neg_amp_uV	Stage Hour 1 - Average slow wave negative amplitude (µV) in N3 stage.
BPJ	stage_h1_N3_neg_sec	Stage Hour 1 - Average slow wave negative duration (s) in N3 stage.
BPK	stage_h1_N3_neg_peak_sec	Stage Hour 1 - Average slow wave duration (s) from onset to the negative peak in N3 stage.
BPL	stage_h1_N3_pos_sec	Stage Hour 1 - Average slow wave positive duration (s) in N3 stage.
BPM	stage_h1_N3_pos_peak_sec	Stage Hour 1 - Average slow wave duration (s) from onset to the positive peak in N3 stage.
BPN	stage_h1_N3_slope_0_min	Stage Hour 1 - Average slow wave slope (uV/s) from 0 to min of negative in N3 stage.
BPO	stage_h1_N3_slope_min_max	Stage Hour 1 - Average slow wave slope (uV/s) from min of negative to max of positive in N3 stage.
BPP	stage_h1_N3_slope_max_0	Stage Hour 1 - Average slow wave slope (uV/s) from max of positive to the 0 crossing in N3 stage.
BPQ	stage_h1_N3_trans_freq_Hz	Stage Hour 1 - Average slow wave transition frequency (Hz) in N3 stage.
BPR	stage_h1_N3_sw_density	Stage Hour 1 - Slow wave density (count/min) in N3 stage.
BPS	stage_h1_N2N3_valid_min	Stage Hour 1 - Valid (no artifact) duration (min) in N2 and N3 stage available for detection minus the REM periods if excluded.
BPT	stage_h1_N2N3_sw_count	Stage Hour 1 - Slow wave count in N2 and N3 stage.
BPU	stage_h1_N2N3_sw_sec	Stage Hour 1 - Average slow wave duration (s) in N2 and N3 stage.
BPV	stage_h1_N2N3_pkpk_amp_uV	Stage Hour 1 - Average slow wave peak-to-peak amplitude (µV) in N2 and N3 stage.
BPW	stage_h1_N2N3_freq_Hz	Stage Hour 1 - Average slow wave frequency (Hz) in N2 and N3 stage.
BPX	stage_h1_N2N3_neg_amp_uV	Stage Hour 1 - Average slow wave negative amplitude (µV) in N2 and N3 stage.
BPY	stage_h1_N2N3_neg_sec	Stage Hour 1 - Average slow wave negative duration (s) in N2 and N3 stage.
BPZ	stage_h1_N2N3_neg_peak_sec	Stage Hour 1 - Average slow wave duration (s) from onset to the negative peak in N2 and N3 stage.
BQA	stage_h1_N2N3_pos_sec	Stage Hour 1 - Average slow wave positive duration (s) in N2 and N3 stage.
BQB	stage_h1_N2N3_pos_peak_sec	Stage Hour 1 - Average slow wave duration (s) from onset to the positive peak in N2 and N3 stage.
BQC	stage_h1_N2N3_slope_0_min	Stage Hour 1 - Average slow wave slope (uV/s) from 0 to min of negative in N2 and N3 stage.
BQD	stage_h1_N2N3_slope_min_max	Stage Hour 1 - Average slow wave slope (uV/s) from min of negative to max of positive in N2 and N3 stage.
BQE	stage_h1_N2N3_slope_max_0	Stage Hour 1 - Average slow wave slope (uV/s) from max of positive to the 0 crossing in N2 and N3 stage.
BQF	stage_h1_N2N3_trans_freq_Hz	Stage Hour 1 - Average slow wave transition frequency (Hz) in N2 and N3 stage.
BQG	stage_h1_N2N3_sw_density	Stage Hour 1 - Slow wave density (count/min) in N2 and N3 stage.
BQH	stage_h1_NREM_valid_min	Stage Hour 1 - Valid (no artifact) duration (min) in NREM stage (N1, N2, N3) available for detection minus the REM periods if excluded.
BQI	stage_h1_NREM_sw_count	Stage Hour 1 - Slow wave count in NREM stage (N1, N2, N3).
BQJ	stage_h1_NREM_sw_sec	Stage Hour 1 - Average slow wave duration (s) in NREM stage (N1, N2, N3).
BQK	stage_h1_NREM_pkpk_amp_uV	Stage Hour 1 - Average slow wave peak-to-peak amplitude (µV) in NREM stage (N1, N2, N3).
BQL	stage_h1_NREM_freq_Hz	Stage Hour 1 - Average slow wave frequency (Hz) in NREM stage (N1, N2, N3).
BQM	stage_h1_NREM_neg_amp_uV	Stage Hour 1 - Average slow wave negative amplitude (µV) in NREM stage (N1, N2, N3).
BQN	stage_h1_NREM_neg_sec	Stage Hour 1 - Average slow wave negative duration (s) in NREM stage (N1, N2, N3).
BQO	stage_h1_NREM_neg_peak_sec	Stage Hour 1 - Average slow wave duration (s) from onset to the negative peak in NREM stage (N1, N2, N3).
BQP	stage_h1_NREM_pos_sec	Stage Hour 1 - Average slow wave positive duration (s) in NREM stage (N1, N2, N3).
BQQ	stage_h1_NREM_pos_peak_sec	Stage Hour 1 - Average slow wave duration (s) from onset to the positive peak in NREM stage (N1, N2, N3).
BQR	stage_h1_NREM_slope_0_min	Stage Hour 1 - Average slow wave slope (uV/s) from 0 to min of negative in NREM stage (N1, N2, N3).
BQS	stage_h1_NREM_slope_min_max	Stage Hour 1 - Average slow wave slope (uV/s) from min of negative to max of positive in NREM stage (N1, N2, N3).
BQT	stage_h1_NREM_slope_max_0	Stage Hour 1 - Average slow wave slope (uV/s) from max of positive to the 0 crossing in NREM stage (N1, N2, N3).
BQU	stage_h1_NREM_trans_freq_Hz	Stage Hour 1 - Average slow wave transition frequency (Hz) in NREM stage (N1, N2, N3).
BQV	stage_h1_NREM_sw_density	Stage Hour 1 - Slow wave density (count/min) in NREM stage (N1, N2, N3).
BQW	stage_h1_R_valid_min	Stage Hour 1 - Valid (no artifact) duration (min) in REM stage available for detection.
BQX	stage_h1_R_sw_count	Stage Hour 1 - Slow wave count in REM stage.
BQY	stage_h1_R_sw_sec	Stage Hour 1 - Average slow wave duration (s) in REM stage.
BQZ	stage_h1_R_pkpk_amp_uV	Stage Hour 1 - Average slow wave peak-to-peak amplitude (µV) in REM stage.
BRA	stage_h1_R_freq_Hz	Stage Hour 1 - Average slow wave frequency (Hz) in REM stage.
BRB	stage_h1_R_neg_amp_uV	Stage Hour 1 - Average slow wave negative amplitude (µV) in REM stage.
BRC	stage_h1_R_neg_sec	Stage Hour 1 - Average slow wave negative duration (s) in REM stage.
BRD	stage_h1_R_neg_peak_sec	Stage Hour 1 - Average slow wave duration (s) from onset to the negative peak in REM stage.
BRE	stage_h1_R_pos_sec	Stage Hour 1 - Average slow wave positive duration (s) in REM stage.
BRF	stage_h1_R_pos_peak_sec	Stage Hour 1 - Average slow wave duration (s) from onset to the positive peak in REM stage.
BRG	stage_h1_R_slope_0_min	Stage Hour 1 - Average slow wave slope (uV/s) from 0 to min of negative in REM stage.
BRH	stage_h1_R_slope_min_max	Stage Hour 1 - Average slow wave slope (uV/s) from min of negative to max of positive in REM stage.
BRI	stage_h1_R_slope_max_0	Stage Hour 1 - Average slow wave slope (uV/s) from max of positive to the 0 crossing in REM stage.
BRJ	stage_h1_R_trans_freq_Hz	Stage Hour 1 - Average slow wave transition frequency (Hz) in REM stage.
BRK	stage_h1_R_sw_density	Stage Hour 1 - Slow wave density (count/min) in REM stage.
BRL	stage_h2_min	Stage Hour 2 duration (min) minus the REM periods if excluded.
BRM	stage_h2_sw_count	Stage Hour 2 - Slow wave count in all stages.
BRN	stage_h2_sw_sec	Stage Hour 2 - Average slow wave duration (s) in all stages.
BRO	stage_h2_pkpk_amp_uV	Stage Hour 2 - Average slow wave peak-to-peak amplitude (µV) in all stages.
BRP	stage_h2_freq_Hz	Stage Hour 2 - Average slow wave frequency (Hz) in all stages.
BRQ	stage_h2_neg_amp_uV	Stage Hour 2 - Average slow wave negative amplitude (µV) in all stages.
BRR	stage_h2_neg_sec	Stage Hour 2 - Average slow wave negative duration (s) in all stages.
BRS	stage_h2_neg_peak_sec	Stage Hour 2 - Average slow wave duration (s) from onset to the negative peak in all stages.
BRT	stage_h2_pos_sec	Stage Hour 2 - Average slow wave positive duration (s) in all stages.
BRU	stage_h2_pos_peak_sec	Stage Hour 2 - Average slow wave duration (s) from onset to the positive peak in all stages.
BRV	stage_h2_slope_0_min	Stage Hour 2 - Average slow wave slope (uV/s) from 0 to min of negative in all stages.
BRW	stage_h2_slope_min_max	Stage Hour 2 - Average slow wave slope (uV/s) from min of negative to max of positive in all stages.
BRX	stage_h2_slope_max_0	Stage Hour 2 - Average slow wave slope (uV/s) from max of positive to the 0 crossing in all stages.
BRY	stage_h2_trans_freq_Hz	Stage Hour 2 - Average slow wave transition frequency (Hz) in all stages.
BRZ	stage_h2_sw_density	Stage Hour 2 - Slow wave density (count/min) in all stages.
BSA	stage_h2_N1_valid_min	Stage Hour 2 - Valid (no artifact) duration (min) in N1 stage available for detection minus the REM periods if excluded.
BSB	stage_h2_N1_sw_count	Stage Hour 2 - Slow wave count in N1 stage.
BSC	stage_h2_N1_sw_sec	Stage Hour 2 - Average slow wave duration (s) in N1 stage.
BSD	stage_h2_N1_pkpk_amp_uV	Stage Hour 2 - Average slow wave peak-to-peak amplitude (µV) in N1 stage.
BSE	stage_h2_N1_freq_Hz	Stage Hour 2 - Average slow wave frequency (Hz) in N1 stage.
BSF	stage_h2_N1_neg_amp_uV	Stage Hour 2 - Average slow wave negative amplitude (µV) in N1 stage.
BSG	stage_h2_N1_neg_sec	Stage Hour 2 - Average slow wave negative duration (s) in N1 stage.
BSH	stage_h2_N1_neg_peak_sec	Stage Hour 2 - Average slow wave duration (s) from onset to the negative peak in N1 stage.
BSI	stage_h2_N1_pos_sec	Stage Hour 2 - Average slow wave positive duration (s) in N1 stage.
BSJ	stage_h2_N1_pos_peak_sec	Stage Hour 2 - Average slow wave duration (s) from onset to the positive peak in N1 stage.
BSK	stage_h2_N1_slope_0_min	Stage Hour 2 - Average slow wave slope (uV/s) from 0 to min of negative in N1 stage.
BSL	stage_h2_N1_slope_min_max	Stage Hour 2 - Average slow wave slope (uV/s) from min of negative to max of positive in N1 stage.
BSM	stage_h2_N1_slope_max_0	Stage Hour 2 - Average slow wave slope (uV/s) from max of positive to the 0 crossing in N1 stage.
BSN	stage_h2_N1_trans_freq_Hz	Stage Hour 2 - Average slow wave transition frequency (Hz) in N1 stage.
BSO	stage_h2_N1_sw_density	Stage Hour 2 - Slow wave density (count/min) in N1 stage.
BSP	stage_h2_N2_valid_min	Stage Hour 2 - Valid (no artifact) duration (min) in N2 stage available for detection minus the REM periods if excluded.
BSQ	stage_h2_N2_sw_count	Stage Hour 2 - Slow wave count in N2 stage.
BSR	stage_h2_N2_sw_sec	Stage Hour 2 - Average slow wave duration (s) in N2 stage.
BSS	stage_h2_N2_pkpk_amp_uV	Stage Hour 2 - Average slow wave peak-to-peak amplitude (µV) in N2 stage.
BST	stage_h2_N2_freq_Hz	Stage Hour 2 - Average slow wave frequency (Hz) in N2 stage.
BSU	stage_h2_N2_neg_amp_uV	Stage Hour 2 - Average slow wave negative amplitude (µV) in N2 stage.
BSV	stage_h2_N2_neg_sec	Stage Hour 2 - Average slow wave negative duration (s) in N2 stage.
BSW	stage_h2_N2_neg_peak_sec	Stage Hour 2 - Average slow wave duration (s) from onset to the negative peak in N2 stage.
BSX	stage_h2_N2_pos_sec	Stage Hour 2 - Average slow wave positive duration (s) in N2 stage.
BSY	stage_h2_N2_pos_peak_sec	Stage Hour 2 - Average slow wave duration (s) from onset to the positive peak in N2 stage.
BSZ	stage_h2_N2_slope_0_min	Stage Hour 2 - Average slow wave slope (uV/s) from 0 to min of negative in N2 stage.
BTA	stage_h2_N2_slope_min_max	Stage Hour 2 - Average slow wave slope (uV/s) from min of negative to max of positive in N2 stage.
BTB	stage_h2_N2_slope_max_0	Stage Hour 2 - Average slow wave slope (uV/s) from max of positive to the 0 crossing in N2 stage.
BTC	stage_h2_N2_trans_freq_Hz	Stage Hour 2 - Average slow wave transition frequency (Hz) in N2 stage.
BTD	stage_h2_N2_sw_density	Stage Hour 2 - Slow wave density (count/min) in N2 stage.
BTE	stage_h2_N3_valid_min	Stage Hour 2 - Valid (no artifact) duration (min) in N3 stage available for detection minus the REM periods if excluded.
BTF	stage_h2_N3_sw_count	Stage Hour 2 - Slow wave count in N3 stage.
BTG	stage_h2_N3_sw_sec	Stage Hour 2 - Average slow wave duration (s) in N3 stage.
BTH	stage_h2_N3_pkpk_amp_uV	Stage Hour 2 - Average slow wave peak-to-peak amplitude (µV) in N3 stage.
BTI	stage_h2_N3_freq_Hz	Stage Hour 2 - Average slow wave frequency (Hz) in N3 stage.
BTJ	stage_h2_N3_neg_amp_uV	Stage Hour 2 - Average slow wave negative amplitude (µV) in N3 stage.
BTK	stage_h2_N3_neg_sec	Stage Hour 2 - Average slow wave negative duration (s) in N3 stage.
BTL	stage_h2_N3_neg_peak_sec	Stage Hour 2 - Average slow wave duration (s) from onset to the negative peak in N3 stage.
BTM	stage_h2_N3_pos_sec	Stage Hour 2 - Average slow wave positive duration (s) in N3 stage.
BTN	stage_h2_N3_pos_peak_sec	Stage Hour 2 - Average slow wave duration (s) from onset to the positive peak in N3 stage.
BTO	stage_h2_N3_slope_0_min	Stage Hour 2 - Average slow wave slope (uV/s) from 0 to min of negative in N3 stage.
BTP	stage_h2_N3_slope_min_max	Stage Hour 2 - Average slow wave slope (uV/s) from min of negative to max of positive in N3 stage.
BTQ	stage_h2_N3_slope_max_0	Stage Hour 2 - Average slow wave slope (uV/s) from max of positive to the 0 crossing in N3 stage.
BTR	stage_h2_N3_trans_freq_Hz	Stage Hour 2 - Average slow wave transition frequency (Hz) in N3 stage.
BTS	stage_h2_N3_sw_density	Stage Hour 2 - Slow wave density (count/min) in N3 stage.
BTT	stage_h2_N2N3_valid_min	Stage Hour 2 - Valid (no artifact) duration (min) in N2 and N3 stage available for detection minus the REM periods if excluded.
BTU	stage_h2_N2N3_sw_count	Stage Hour 2 - Slow wave count in N2 and N3 stage.
BTV	stage_h2_N2N3_sw_sec	Stage Hour 2 - Average slow wave duration (s) in N2 and N3 stage.
BTW	stage_h2_N2N3_pkpk_amp_uV	Stage Hour 2 - Average slow wave peak-to-peak amplitude (µV) in N2 and N3 stage.
BTX	stage_h2_N2N3_freq_Hz	Stage Hour 2 - Average slow wave frequency (Hz) in N2 and N3 stage.
BTY	stage_h2_N2N3_neg_amp_uV	Stage Hour 2 - Average slow wave negative amplitude (µV) in N2 and N3 stage.
BTZ	stage_h2_N2N3_neg_sec	Stage Hour 2 - Average slow wave negative duration (s) in N2 and N3 stage.
BUA	stage_h2_N2N3_neg_peak_sec	Stage Hour 2 - Average slow wave duration (s) from onset to the negative peak in N2 and N3 stage.
BUB	stage_h2_N2N3_pos_sec	Stage Hour 2 - Average slow wave positive duration (s) in N2 and N3 stage.
BUC	stage_h2_N2N3_pos_peak_sec	Stage Hour 2 - Average slow wave duration (s) from onset to the positive peak in N2 and N3 stage.
BUD	stage_h2_N2N3_slope_0_min	Stage Hour 2 - Average slow wave slope (uV/s) from 0 to min of negative in N2 and N3 stage.
BUE	stage_h2_N2N3_slope_min_max	Stage Hour 2 - Average slow wave slope (uV/s) from min of negative to max of positive in N2 and N3 stage.
BUF	stage_h2_N2N3_slope_max_0	Stage Hour 2 - Average slow wave slope (uV/s) from max of positive to the 0 crossing in N2 and N3 stage.
BUG	stage_h2_N2N3_trans_freq_Hz	Stage Hour 2 - Average slow wave transition frequency (Hz) in N2 and N3 stage.
BUH	stage_h2_N2N3_sw_density	Stage Hour 2 - Slow wave density (count/min) in N2 and N3 stage.
BUI	stage_h2_NREM_valid_min	Stage Hour 2 - Valid (no artifact) duration (min) in NREM stage (N1, N2, N3) available for detection minus the REM periods if excluded.
BUJ	stage_h2_NREM_sw_count	Stage Hour 2 - Slow wave count in NREM stage (N1, N2, N3).
BUK	stage_h2_NREM_sw_sec	Stage Hour 2 - Average slow wave duration (s) in NREM stage (N1, N2, N3).
BUL	stage_h2_NREM_pkpk_amp_uV	Stage Hour 2 - Average slow wave peak-to-peak amplitude (µV) in NREM stage (N1, N2, N3).
BUM	stage_h2_NREM_freq_Hz	Stage Hour 2 - Average slow wave frequency (Hz) in NREM stage (N1, N2, N3).
BUN	stage_h2_NREM_neg_amp_uV	Stage Hour 2 - Average slow wave negative amplitude (µV) in NREM stage (N1, N2, N3).
BUO	stage_h2_NREM_neg_sec	Stage Hour 2 - Average slow wave negative duration (s) in NREM stage (N1, N2, N3).
BUP	stage_h2_NREM_neg_peak_sec	Stage Hour 2 - Average slow wave duration (s) from onset to the negative peak in NREM stage (N1, N2, N3).
BUQ	stage_h2_NREM_pos_sec	Stage Hour 2 - Average slow wave positive duration (s) in NREM stage (N1, N2, N3).
BUR	stage_h2_NREM_pos_peak_sec	Stage Hour 2 - Average slow wave duration (s) from onset to the positive peak in NREM stage (N1, N2, N3).
BUS	stage_h2_NREM_slope_0_min	Stage Hour 2 - Average slow wave slope (uV/s) from 0 to min of negative in NREM stage (N1, N2, N3).
BUT	stage_h2_NREM_slope_min_max	Stage Hour 2 - Average slow wave slope (uV/s) from min of negative to max of positive in NREM stage (N1, N2, N3).
BUU	stage_h2_NREM_slope_max_0	Stage Hour 2 - Average slow wave slope (uV/s) from max of positive to the 0 crossing in NREM stage (N1, N2, N3).
BUV	stage_h2_NREM_trans_freq_Hz	Stage Hour 2 - Average slow wave transition frequency (Hz) in NREM stage (N1, N2, N3).
BUW	stage_h2_NREM_sw_density	Stage Hour 2 - Slow wave density (count/min) in NREM stage (N1, N2, N3).
BUX	stage_h2_R_valid_min	Stage Hour 2 - Valid (no artifact) duration (min) in REM stage available for detection.
BUY	stage_h2_R_sw_count	Stage Hour 2 - Slow wave count in REM stage.
BUZ	stage_h2_R_sw_sec	Stage Hour 2 - Average slow wave duration (s) in REM stage.
BVA	stage_h2_R_pkpk_amp_uV	Stage Hour 2 - Average slow wave peak-to-peak amplitude (µV) in REM stage.
BVB	stage_h2_R_freq_Hz	Stage Hour 2 - Average slow wave frequency (Hz) in REM stage.
BVC	stage_h2_R_neg_amp_uV	Stage Hour 2 - Average slow wave negative amplitude (µV) in REM stage.
BVD	stage_h2_R_neg_sec	Stage Hour 2 - Average slow wave negative duration (s) in REM stage.
BVE	stage_h2_R_neg_peak_sec	Stage Hour 2 - Average slow wave duration (s) from onset to the negative peak in REM stage.
BVF	stage_h2_R_pos_sec	Stage Hour 2 - Average slow wave positive duration (s) in REM stage.
BVG	stage_h2_R_pos_peak_sec	Stage Hour 2 - Average slow wave duration (s) from onset to the positive peak in REM stage.
BVH	stage_h2_R_slope_0_min	Stage Hour 2 - Average slow wave slope (uV/s) from 0 to min of negative in REM stage.
BVI	stage_h2_R_slope_min_max	Stage Hour 2 - Average slow wave slope (uV/s) from min of negative to max of positive in REM stage.
BVJ	stage_h2_R_slope_max_0	Stage Hour 2 - Average slow wave slope (uV/s) from max of positive to the 0 crossing in REM stage.
BVK	stage_h2_R_trans_freq_Hz	Stage Hour 2 - Average slow wave transition frequency (Hz) in REM stage.
BVL	stage_h2_R_sw_density	Stage Hour 2 - Slow wave density (count/min) in REM stage.
BVM	stage_h3_min	Stage Hour 3 duration (min) minus the REM periods if excluded.
BVN	stage_h3_sw_count	Stage Hour 3 - Slow wave count in all stages.
BVO	stage_h3_sw_sec	Stage Hour 3 - Average slow wave duration (s) in all stages.
BVP	stage_h3_pkpk_amp_uV	Stage Hour 3 - Average slow wave peak-to-peak amplitude (µV) in all stages.
BVQ	stage_h3_freq_Hz	Stage Hour 3 - Average slow wave frequency (Hz) in all stages.
BVR	stage_h3_neg_amp_uV	Stage Hour 3 - Average slow wave negative amplitude (µV) in all stages.
BVS	stage_h3_neg_sec	Stage Hour 3 - Average slow wave negative duration (s) in all stages.
BVT	stage_h3_neg_peak_sec	Stage Hour 3 - Average slow wave duration (s) from onset to the negative peak in all stages.
BVU	stage_h3_pos_sec	Stage Hour 3 - Average slow wave positive duration (s) in all stages.
BVV	stage_h3_pos_peak_sec	Stage Hour 3 - Average slow wave duration (s) from onset to the positive peak in all stages.
BVW	stage_h3_slope_0_min	Stage Hour 3 - Average slow wave slope (uV/s) from 0 to min of negative in all stages.
BVX	stage_h3_slope_min_max	Stage Hour 3 - Average slow wave slope (uV/s) from min of negative to max of positive in all stages.
BVY	stage_h3_slope_max_0	Stage Hour 3 - Average slow wave slope (uV/s) from max of positive to the 0 crossing in all stages.
BVZ	stage_h3_trans_freq_Hz	Stage Hour 3 - Average slow wave transition frequency (Hz) in all stages.
BWA	stage_h3_sw_density	Stage Hour 3 - Slow wave density (count/min) in all stages.
BWB	stage_h3_N1_valid_min	Stage Hour 3 - Valid (no artifact) duration (min) in N1 stage available for detection minus the REM periods if excluded.
BWC	stage_h3_N1_sw_count	Stage Hour 3 - Slow wave count in N1 stage.
BWD	stage_h3_N1_sw_sec	Stage Hour 3 - Average slow wave duration (s) in N1 stage.
BWE	stage_h3_N1_pkpk_amp_uV	Stage Hour 3 - Average slow wave peak-to-peak amplitude (µV) in N1 stage.
BWF	stage_h3_N1_freq_Hz	Stage Hour 3 - Average slow wave frequency (Hz) in N1 stage.
BWG	stage_h3_N1_neg_amp_uV	Stage Hour 3 - Average slow wave negative amplitude (µV) in N1 stage.
BWH	stage_h3_N1_neg_sec	Stage Hour 3 - Average slow wave negative duration (s) in N1 stage.
BWI	stage_h3_N1_neg_peak_sec	Stage Hour 3 - Average slow wave duration (s) from onset to the negative peak in N1 stage.
BWJ	stage_h3_N1_pos_sec	Stage Hour 3 - Average slow wave positive duration (s) in N1 stage.
BWK	stage_h3_N1_pos_peak_sec	Stage Hour 3 - Average slow wave duration (s) from onset to the positive peak in N1 stage.
BWL	stage_h3_N1_slope_0_min	Stage Hour 3 - Average slow wave slope (uV/s) from 0 to min of negative in N1 stage.
BWM	stage_h3_N1_slope_min_max	Stage Hour 3 - Average slow wave slope (uV/s) from min of negative to max of positive in N1 stage.
BWN	stage_h3_N1_slope_max_0	Stage Hour 3 - Average slow wave slope (uV/s) from max of positive to the 0 crossing in N1 stage.
BWO	stage_h3_N1_trans_freq_Hz	Stage Hour 3 - Average slow wave transition frequency (Hz) in N1 stage.
BWP	stage_h3_N1_sw_density	Stage Hour 3 - Slow wave density (count/min) in N1 stage.
BWQ	stage_h3_N2_valid_min	Stage Hour 3 - Valid (no artifact) duration (min) in N2 stage available for detection minus the REM periods if excluded.
BWR	stage_h3_N2_sw_count	Stage Hour 3 - Slow wave count in N2 stage.
BWS	stage_h3_N2_sw_sec	Stage Hour 3 - Average slow wave duration (s) in N2 stage.
BWT	stage_h3_N2_pkpk_amp_uV	Stage Hour 3 - Average slow wave peak-to-peak amplitude (µV) in N2 stage.
BWU	stage_h3_N2_freq_Hz	Stage Hour 3 - Average slow wave frequency (Hz) in N2 stage.
BWV	stage_h3_N2_neg_amp_uV	Stage Hour 3 - Average slow wave negative amplitude (µV) in N2 stage.
BWW	stage_h3_N2_neg_sec	Stage Hour 3 - Average slow wave negative duration (s) in N2 stage.
BWX	stage_h3_N2_neg_peak_sec	Stage Hour 3 - Average slow wave duration (s) from onset to the negative peak in N2 stage.
BWY	stage_h3_N2_pos_sec	Stage Hour 3 - Average slow wave positive duration (s) in N2 stage.
BWZ	stage_h3_N2_pos_peak_sec	Stage Hour 3 - Average slow wave duration (s) from onset to the positive peak in N2 stage.
BXA	stage_h3_N2_slope_0_min	Stage Hour 3 - Average slow wave slope (uV/s) from 0 to min of negative in N2 stage.
BXB	stage_h3_N2_slope_min_max	Stage Hour 3 - Average slow wave slope (uV/s) from min of negative to max of positive in N2 stage.
BXC	stage_h3_N2_slope_max_0	Stage Hour 3 - Average slow wave slope (uV/s) from max of positive to the 0 crossing in N2 stage.
BXD	stage_h3_N2_trans_freq_Hz	Stage Hour 3 - Average slow wave transition frequency (Hz) in N2 stage.
BXE	stage_h3_N2_sw_density	Stage Hour 3 - Slow wave density (count/min) in N2 stage.
BXF	stage_h3_N3_valid_min	Stage Hour 3 - Valid (no artifact) duration (min) in N3 stage available for detection minus the REM periods if excluded.
BXG	stage_h3_N3_sw_count	Stage Hour 3 - Slow wave count in N3 stage.
BXH	stage_h3_N3_sw_sec	Stage Hour 3 - Average slow wave duration (s) in N3 stage.
BXI	stage_h3_N3_pkpk_amp_uV	Stage Hour 3 - Average slow wave peak-to-peak amplitude (µV) in N3 stage.
BXJ	stage_h3_N3_freq_Hz	Stage Hour 3 - Average slow wave frequency (Hz) in N3 stage.
BXK	stage_h3_N3_neg_amp_uV	Stage Hour 3 - Average slow wave negative amplitude (µV) in N3 stage.
BXL	stage_h3_N3_neg_sec	Stage Hour 3 - Average slow wave negative duration (s) in N3 stage.
BXM	stage_h3_N3_neg_peak_sec	Stage Hour 3 - Average slow wave duration (s) from onset to the negative peak in N3 stage.
BXN	stage_h3_N3_pos_sec	Stage Hour 3 - Average slow wave positive duration (s) in N3 stage.
BXO	stage_h3_N3_pos_peak_sec	Stage Hour 3 - Average slow wave duration (s) from onset to the positive peak in N3 stage.
BXP	stage_h3_N3_slope_0_min	Stage Hour 3 - Average slow wave slope (uV/s) from 0 to min of negative in N3 stage.
BXQ	stage_h3_N3_slope_min_max	Stage Hour 3 - Average slow wave slope (uV/s) from min of negative to max of positive in N3 stage.
BXR	stage_h3_N3_slope_max_0	Stage Hour 3 - Average slow wave slope (uV/s) from max of positive to the 0 crossing in N3 stage.
BXS	stage_h3_N3_trans_freq_Hz	Stage Hour 3 - Average slow wave transition frequency (Hz) in N3 stage.
BXT	stage_h3_N3_sw_density	Stage Hour 3 - Slow wave density (count/min) in N3 stage.
BXU	stage_h3_N2N3_valid_min	Stage Hour 3 - Valid (no artifact) duration (min) in N2 and N3 stage available for detection minus the REM periods if excluded.
BXV	stage_h3_N2N3_sw_count	Stage Hour 3 - Slow wave count in N2 and N3 stage.
BXW	stage_h3_N2N3_sw_sec	Stage Hour 3 - Average slow wave duration (s) in N2 and N3 stage.
BXX	stage_h3_N2N3_pkpk_amp_uV	Stage Hour 3 - Average slow wave peak-to-peak amplitude (µV) in N2 and N3 stage.
BXY	stage_h3_N2N3_freq_Hz	Stage Hour 3 - Average slow wave frequency (Hz) in N2 and N3 stage.
BXZ	stage_h3_N2N3_neg_amp_uV	Stage Hour 3 - Average slow wave negative amplitude (µV) in N2 and N3 stage.
BYA	stage_h3_N2N3_neg_sec	Stage Hour 3 - Average slow wave negative duration (s) in N2 and N3 stage.
BYB	stage_h3_N2N3_neg_peak_sec	Stage Hour 3 - Average slow wave duration (s) from onset to the negative peak in N2 and N3 stage.
BYC	stage_h3_N2N3_pos_sec	Stage Hour 3 - Average slow wave positive duration (s) in N2 and N3 stage.
BYD	stage_h3_N2N3_pos_peak_sec	Stage Hour 3 - Average slow wave duration (s) from onset to the positive peak in N2 and N3 stage.
BYE	stage_h3_N2N3_slope_0_min	Stage Hour 3 - Average slow wave slope (uV/s) from 0 to min of negative in N2 and N3 stage.
BYF	stage_h3_N2N3_slope_min_max	Stage Hour 3 - Average slow wave slope (uV/s) from min of negative to max of positive in N2 and N3 stage.
BYG	stage_h3_N2N3_slope_max_0	Stage Hour 3 - Average slow wave slope (uV/s) from max of positive to the 0 crossing in N2 and N3 stage.
BYH	stage_h3_N2N3_trans_freq_Hz	Stage Hour 3 - Average slow wave transition frequency (Hz) in N2 and N3 stage.
BYI	stage_h3_N2N3_sw_density	Stage Hour 3 - Slow wave density (count/min) in N2 and N3 stage.
BYJ	stage_h3_NREM_valid_min	Stage Hour 3 - Valid (no artifact) duration (min) in NREM stage (N1, N2, N3) available for detection minus the REM periods if excluded.
BYK	stage_h3_NREM_sw_count	Stage Hour 3 - Slow wave count in NREM stage (N1, N2, N3).
BYL	stage_h3_NREM_sw_sec	Stage Hour 3 - Average slow wave duration (s) in NREM stage (N1, N2, N3).
BYM	stage_h3_NREM_pkpk_amp_uV	Stage Hour 3 - Average slow wave peak-to-peak amplitude (µV) in NREM stage (N1, N2, N3).
BYN	stage_h3_NREM_freq_Hz	Stage Hour 3 - Average slow wave frequency (Hz) in NREM stage (N1, N2, N3).
BYO	stage_h3_NREM_neg_amp_uV	Stage Hour 3 - Average slow wave negative amplitude (µV) in NREM stage (N1, N2, N3).
BYP	stage_h3_NREM_neg_sec	Stage Hour 3 - Average slow wave negative duration (s) in NREM stage (N1, N2, N3).
BYQ	stage_h3_NREM_neg_peak_sec	Stage Hour 3 - Average slow wave duration (s) from onset to the negative peak in NREM stage (N1, N2, N3).
BYR	stage_h3_NREM_pos_sec	Stage Hour 3 - Average slow wave positive duration (s) in NREM stage (N1, N2, N3).
BYS	stage_h3_NREM_pos_peak_sec	Stage Hour 3 - Average slow wave duration (s) from onset to the positive peak in NREM stage (N1, N2, N3).
BYT	stage_h3_NREM_slope_0_min	Stage Hour 3 - Average slow wave slope (uV/s) from 0 to min of negative in NREM stage (N1, N2, N3).
BYU	stage_h3_NREM_slope_min_max	Stage Hour 3 - Average slow wave slope (uV/s) from min of negative to max of positive in NREM stage (N1, N2, N3).
BYV	stage_h3_NREM_slope_max_0	Stage Hour 3 - Average slow wave slope (uV/s) from max of positive to the 0 crossing in NREM stage (N1, N2, N3).
BYW	stage_h3_NREM_trans_freq_Hz	Stage Hour 3 - Average slow wave transition frequency (Hz) in NREM stage (N1, N2, N3).
BYX	stage_h3_NREM_sw_density	Stage Hour 3 - Slow wave density (count/min) in NREM stage (N1, N2, N3).
BYY	stage_h3_R_valid_min	Stage Hour 3 - Valid (no artifact) duration (min) in REM stage available for detection.
BYZ	stage_h3_R_sw_count	Stage Hour 3 - Slow wave count in REM stage.
BZA	stage_h3_R_sw_sec	Stage Hour 3 - Average slow wave duration (s) in REM stage.
BZB	stage_h3_R_pkpk_amp_uV	Stage Hour 3 - Average slow wave peak-to-peak amplitude (µV) in REM stage.
BZC	stage_h3_R_freq_Hz	Stage Hour 3 - Average slow wave frequency (Hz) in REM stage.
BZD	stage_h3_R_neg_amp_uV	Stage Hour 3 - Average slow wave negative amplitude (µV) in REM stage.
BZE	stage_h3_R_neg_sec	Stage Hour 3 - Average slow wave negative duration (s) in REM stage.
BZF	stage_h3_R_neg_peak_sec	Stage Hour 3 - Average slow wave duration (s) from onset to the negative peak in REM stage.
BZG	stage_h3_R_pos_sec	Stage Hour 3 - Average slow wave positive duration (s) in REM stage.
BZH	stage_h3_R_pos_peak_sec	Stage Hour 3 - Average slow wave duration (s) from onset to the positive peak in REM stage.
BZI	stage_h3_R_slope_0_min	Stage Hour 3 - Average slow wave slope (uV/s) from 0 to min of negative in REM stage.
BZJ	stage_h3_R_slope_min_max	Stage Hour 3 - Average slow wave slope (uV/s) from min of negative to max of positive in REM stage.
BZK	stage_h3_R_slope_max_0	Stage Hour 3 - Average slow wave slope (uV/s) from max of positive to the 0 crossing in REM stage.
BZL	stage_h3_R_trans_freq_Hz	Stage Hour 3 - Average slow wave transition frequency (Hz) in REM stage.
BZM	stage_h3_R_sw_density	Stage Hour 3 - Slow wave density (count/min) in REM stage.
BZN	stage_h4_min	Stage Hour 4 duration (min) minus the REM periods if excluded.
BZO	stage_h4_sw_count	Stage Hour 4 - Slow wave count in all stages.
BZP	stage_h4_sw_sec	Stage Hour 4 - Average slow wave duration (s) in all stages.
BZQ	stage_h4_pkpk_amp_uV	Stage Hour 4 - Average slow wave peak-to-peak amplitude (µV) in all stages.
BZR	stage_h4_freq_Hz	Stage Hour 4 - Average slow wave frequency (Hz) in all stages.
BZS	stage_h4_neg_amp_uV	Stage Hour 4 - Average slow wave negative amplitude (µV) in all stages.
BZT	stage_h4_neg_sec	Stage Hour 4 - Average slow wave negative duration (s) in all stages.
BZU	stage_h4_neg_peak_sec	Stage Hour 4 - Average slow wave duration (s) from onset to the negative peak in all stages.
BZV	stage_h4_pos_sec	Stage Hour 4 - Average slow wave positive duration (s) in all stages.
BZW	stage_h4_pos_peak_sec	Stage Hour 4 - Average slow wave duration (s) from onset to the positive peak in all stages.
BZX	stage_h4_slope_0_min	Stage Hour 4 - Average slow wave slope (uV/s) from 0 to min of negative in all stages.
BZY	stage_h4_slope_min_max	Stage Hour 4 - Average slow wave slope (uV/s) from min of negative to max of positive in all stages.
BZZ	stage_h4_slope_max_0	Stage Hour 4 - Average slow wave slope (uV/s) from max of positive to the 0 crossing in all stages.
CAA	stage_h4_trans_freq_Hz	Stage Hour 4 - Average slow wave transition frequency (Hz) in all stages.
CAB	stage_h4_sw_density	Stage Hour 4 - Slow wave density (count/min) in all stages.
CAC	stage_h4_N1_valid_min	Stage Hour 4 - Valid (no artifact) duration (min) in N1 stage available for detection minus the REM periods if excluded.
CAD	stage_h4_N1_sw_count	Stage Hour 4 - Slow wave count in N1 stage.
CAE	stage_h4_N1_sw_sec	Stage Hour 4 - Average slow wave duration (s) in N1 stage.
CAF	stage_h4_N1_pkpk_amp_uV	Stage Hour 4 - Average slow wave peak-to-peak amplitude (µV) in N1 stage.
CAG	stage_h4_N1_freq_Hz	Stage Hour 4 - Average slow wave frequency (Hz) in N1 stage.
CAH	stage_h4_N1_neg_amp_uV	Stage Hour 4 - Average slow wave negative amplitude (µV) in N1 stage.
CAI	stage_h4_N1_neg_sec	Stage Hour 4 - Average slow wave negative duration (s) in N1 stage.
CAJ	stage_h4_N1_neg_peak_sec	Stage Hour 4 - Average slow wave duration (s) from onset to the negative peak in N1 stage.
CAK	stage_h4_N1_pos_sec	Stage Hour 4 - Average slow wave positive duration (s) in N1 stage.
CAL	stage_h4_N1_pos_peak_sec	Stage Hour 4 - Average slow wave duration (s) from onset to the positive peak in N1 stage.
CAM	stage_h4_N1_slope_0_min	Stage Hour 4 - Average slow wave slope (uV/s) from 0 to min of negative in N1 stage.
CAN	stage_h4_N1_slope_min_max	Stage Hour 4 - Average slow wave slope (uV/s) from min of negative to max of positive in N1 stage.
CAO	stage_h4_N1_slope_max_0	Stage Hour 4 - Average slow wave slope (uV/s) from max of positive to the 0 crossing in N1 stage.
CAP	stage_h4_N1_trans_freq_Hz	Stage Hour 4 - Average slow wave transition frequency (Hz) in N1 stage.
CAQ	stage_h4_N1_sw_density	Stage Hour 4 - Slow wave density (count/min) in N1 stage.
CAR	stage_h4_N2_valid_min	Stage Hour 4 - Valid (no artifact) duration (min) in N2 stage available for detection minus the REM periods if excluded.
CAS	stage_h4_N2_sw_count	Stage Hour 4 - Slow wave count in N2 stage.
CAT	stage_h4_N2_sw_sec	Stage Hour 4 - Average slow wave duration (s) in N2 stage.
CAU	stage_h4_N2_pkpk_amp_uV	Stage Hour 4 - Average slow wave peak-to-peak amplitude (µV) in N2 stage.
CAV	stage_h4_N2_freq_Hz	Stage Hour 4 - Average slow wave frequency (Hz) in N2 stage.
CAW	stage_h4_N2_neg_amp_uV	Stage Hour 4 - Average slow wave negative amplitude (µV) in N2 stage.
CAX	stage_h4_N2_neg_sec	Stage Hour 4 - Average slow wave negative duration (s) in N2 stage.
CAY	stage_h4_N2_neg_peak_sec	Stage Hour 4 - Average slow wave duration (s) from onset to the negative peak in N2 stage.
CAZ	stage_h4_N2_pos_sec	Stage Hour 4 - Average slow wave positive duration (s) in N2 stage.
CBA	stage_h4_N2_pos_peak_sec	Stage Hour 4 - Average slow wave duration (s) from onset to the positive peak in N2 stage.
CBB	stage_h4_N2_slope_0_min	Stage Hour 4 - Average slow wave slope (uV/s) from 0 to min of negative in N2 stage.
CBC	stage_h4_N2_slope_min_max	Stage Hour 4 - Average slow wave slope (uV/s) from min of negative to max of positive in N2 stage.
CBD	stage_h4_N2_slope_max_0	Stage Hour 4 - Average slow wave slope (uV/s) from max of positive to the 0 crossing in N2 stage.
CBE	stage_h4_N2_trans_freq_Hz	Stage Hour 4 - Average slow wave transition frequency (Hz) in N2 stage.
CBF	stage_h4_N2_sw_density	Stage Hour 4 - Slow wave density (count/min) in N2 stage.
CBG	stage_h4_N3_valid_min	Stage Hour 4 - Valid (no artifact) duration (min) in N3 stage available for detection minus the REM periods if excluded.
CBH	stage_h4_N3_sw_count	Stage Hour 4 - Slow wave count in N3 stage.
CBI	stage_h4_N3_sw_sec	Stage Hour 4 - Average slow wave duration (s) in N3 stage.
CBJ	stage_h4_N3_pkpk_amp_uV	Stage Hour 4 - Average slow wave peak-to-peak amplitude (µV) in N3 stage.
CBK	stage_h4_N3_freq_Hz	Stage Hour 4 - Average slow wave frequency (Hz) in N3 stage.
CBL	stage_h4_N3_neg_amp_uV	Stage Hour 4 - Average slow wave negative amplitude (µV) in N3 stage.
CBM	stage_h4_N3_neg_sec	Stage Hour 4 - Average slow wave negative duration (s) in N3 stage.
CBN	stage_h4_N3_neg_peak_sec	Stage Hour 4 - Average slow wave duration (s) from onset to the negative peak in N3 stage.
CBO	stage_h4_N3_pos_sec	Stage Hour 4 - Average slow wave positive duration (s) in N3 stage.
CBP	stage_h4_N3_pos_peak_sec	Stage Hour 4 - Average slow wave duration (s) from onset to the positive peak in N3 stage.
CBQ	stage_h4_N3_slope_0_min	Stage Hour 4 - Average slow wave slope (uV/s) from 0 to min of negative in N3 stage.
CBR	stage_h4_N3_slope_min_max	Stage Hour 4 - Average slow wave slope (uV/s) from min of negative to max of positive in N3 stage.
CBS	stage_h4_N3_slope_max_0	Stage Hour 4 - Average slow wave slope (uV/s) from max of positive to the 0 crossing in N3 stage.
CBT	stage_h4_N3_trans_freq_Hz	Stage Hour 4 - Average slow wave transition frequency (Hz) in N3 stage.
CBU	stage_h4_N3_sw_density	Stage Hour 4 - Slow wave density (count/min) in N3 stage.
CBV	stage_h4_N2N3_valid_min	Stage Hour 4 - Valid (no artifact) duration (min) in N2 and N3 stage available for detection minus the REM periods if excluded.
CBW	stage_h4_N2N3_sw_count	Stage Hour 4 - Slow wave count in N2 and N3 stage.
CBX	stage_h4_N2N3_sw_sec	Stage Hour 4 - Average slow wave duration (s) in N2 and N3 stage.
CBY	stage_h4_N2N3_pkpk_amp_uV	Stage Hour 4 - Average slow wave peak-to-peak amplitude (µV) in N2 and N3 stage.
CBZ	stage_h4_N2N3_freq_Hz	Stage Hour 4 - Average slow wave frequency (Hz) in N2 and N3 stage.
CCA	stage_h4_N2N3_neg_amp_uV	Stage Hour 4 - Average slow wave negative amplitude (µV) in N2 and N3 stage.
CCB	stage_h4_N2N3_neg_sec	Stage Hour 4 - Average slow wave negative duration (s) in N2 and N3 stage.
CCC	stage_h4_N2N3_neg_peak_sec	Stage Hour 4 - Average slow wave duration (s) from onset to the negative peak in N2 and N3 stage.
CCD	stage_h4_N2N3_pos_sec	Stage Hour 4 - Average slow wave positive duration (s) in N2 and N3 stage.
CCE	stage_h4_N2N3_pos_peak_sec	Stage Hour 4 - Average slow wave duration (s) from onset to the positive peak in N2 and N3 stage.
CCF	stage_h4_N2N3_slope_0_min	Stage Hour 4 - Average slow wave slope (uV/s) from 0 to min of negative in N2 and N3 stage.
CCG	stage_h4_N2N3_slope_min_max	Stage Hour 4 - Average slow wave slope (uV/s) from min of negative to max of positive in N2 and N3 stage.
CCH	stage_h4_N2N3_slope_max_0	Stage Hour 4 - Average slow wave slope (uV/s) from max of positive to the 0 crossing in N2 and N3 stage.
CCI	stage_h4_N2N3_trans_freq_Hz	Stage Hour 4 - Average slow wave transition frequency (Hz) in N2 and N3 stage.
CCJ	stage_h4_N2N3_sw_density	Stage Hour 4 - Slow wave density (count/min) in N2 and N3 stage.
CCK	stage_h4_NREM_valid_min	Stage Hour 4 - Valid (no artifact) duration (min) in NREM stage (N1, N2, N3) available for detection minus the REM periods if excluded.
CCL	stage_h4_NREM_sw_count	Stage Hour 4 - Slow wave count in NREM stage (N1, N2, N3).
CCM	stage_h4_NREM_sw_sec	Stage Hour 4 - Average slow wave duration (s) in NREM stage (N1, N2, N3).
CCN	stage_h4_NREM_pkpk_amp_uV	Stage Hour 4 - Average slow wave peak-to-peak amplitude (µV) in NREM stage (N1, N2, N3).
CCO	stage_h4_NREM_freq_Hz	Stage Hour 4 - Average slow wave frequency (Hz) in NREM stage (N1, N2, N3).
CCP	stage_h4_NREM_neg_amp_uV	Stage Hour 4 - Average slow wave negative amplitude (µV) in NREM stage (N1, N2, N3).
CCQ	stage_h4_NREM_neg_sec	Stage Hour 4 - Average slow wave negative duration (s) in NREM stage (N1, N2, N3).
CCR	stage_h4_NREM_neg_peak_sec	Stage Hour 4 - Average slow wave duration (s) from onset to the negative peak in NREM stage (N1, N2, N3).
CCS	stage_h4_NREM_pos_sec	Stage Hour 4 - Average slow wave positive duration (s) in NREM stage (N1, N2, N3).
CCT	stage_h4_NREM_pos_peak_sec	Stage Hour 4 - Average slow wave duration (s) from onset to the positive peak in NREM stage (N1, N2, N3).
CCU	stage_h4_NREM_slope_0_min	Stage Hour 4 - Average slow wave slope (uV/s) from 0 to min of negative in NREM stage (N1, N2, N3).
CCV	stage_h4_NREM_slope_min_max	Stage Hour 4 - Average slow wave slope (uV/s) from min of negative to max of positive in NREM stage (N1, N2, N3).
CCW	stage_h4_NREM_slope_max_0	Stage Hour 4 - Average slow wave slope (uV/s) from max of positive to the 0 crossing in NREM stage (N1, N2, N3).
CCX	stage_h4_NREM_trans_freq_Hz	Stage Hour 4 - Average slow wave transition frequency (Hz) in NREM stage (N1, N2, N3).
CCY	stage_h4_NREM_sw_density	Stage Hour 4 - Slow wave density (count/min) in NREM stage (N1, N2, N3).
CCZ	stage_h4_R_valid_min	Stage Hour 4 - Valid (no artifact) duration (min) in REM stage available for detection.
CDA	stage_h4_R_sw_count	Stage Hour 4 - Slow wave count in REM stage.
CDB	stage_h4_R_sw_sec	Stage Hour 4 - Average slow wave duration (s) in REM stage.
CDC	stage_h4_R_pkpk_amp_uV	Stage Hour 4 - Average slow wave peak-to-peak amplitude (µV) in REM stage.
CDD	stage_h4_R_freq_Hz	Stage Hour 4 - Average slow wave frequency (Hz) in REM stage.
CDE	stage_h4_R_neg_amp_uV	Stage Hour 4 - Average slow wave negative amplitude (µV) in REM stage.
CDF	stage_h4_R_neg_sec	Stage Hour 4 - Average slow wave negative duration (s) in REM stage.
CDG	stage_h4_R_neg_peak_sec	Stage Hour 4 - Average slow wave duration (s) from onset to the negative peak in REM stage.
CDH	stage_h4_R_pos_sec	Stage Hour 4 - Average slow wave positive duration (s) in REM stage.
CDI	stage_h4_R_pos_peak_sec	Stage Hour 4 - Average slow wave duration (s) from onset to the positive peak in REM stage.
CDJ	stage_h4_R_slope_0_min	Stage Hour 4 - Average slow wave slope (uV/s) from 0 to min of negative in REM stage.
CDK	stage_h4_R_slope_min_max	Stage Hour 4 - Average slow wave slope (uV/s) from min of negative to max of positive in REM stage.
CDL	stage_h4_R_slope_max_0	Stage Hour 4 - Average slow wave slope (uV/s) from max of positive to the 0 crossing in REM stage.
CDM	stage_h4_R_trans_freq_Hz	Stage Hour 4 - Average slow wave transition frequency (Hz) in REM stage.
CDN	stage_h4_R_sw_density	Stage Hour 4 - Slow wave density (count/min) in REM stage.
CDO	stage_h5_min	Stage Hour 5 duration (min) minus the REM periods if excluded.
CDP	stage_h5_sw_count	Stage Hour 5 - Slow wave count in all stages.
CDQ	stage_h5_sw_sec	Stage Hour 5 - Average slow wave duration (s) in all stages.
CDR	stage_h5_pkpk_amp_uV	Stage Hour 5 - Average slow wave peak-to-peak amplitude (µV) in all stages.
CDS	stage_h5_freq_Hz	Stage Hour 5 - Average slow wave frequency (Hz) in all stages.
CDT	stage_h5_neg_amp_uV	Stage Hour 5 - Average slow wave negative amplitude (µV) in all stages.
CDU	stage_h5_neg_sec	Stage Hour 5 - Average slow wave negative duration (s) in all stages.
CDV	stage_h5_neg_peak_sec	Stage Hour 5 - Average slow wave duration (s) from onset to the negative peak in all stages.
CDW	stage_h5_pos_sec	Stage Hour 5 - Average slow wave positive duration (s) in all stages.
CDX	stage_h5_pos_peak_sec	Stage Hour 5 - Average slow wave duration (s) from onset to the positive peak in all stages.
CDY	stage_h5_slope_0_min	Stage Hour 5 - Average slow wave slope (uV/s) from 0 to min of negative in all stages.
CDZ	stage_h5_slope_min_max	Stage Hour 5 - Average slow wave slope (uV/s) from min of negative to max of positive in all stages.
CEA	stage_h5_slope_max_0	Stage Hour 5 - Average slow wave slope (uV/s) from max of positive to the 0 crossing in all stages.
CEB	stage_h5_trans_freq_Hz	Stage Hour 5 - Average slow wave transition frequency (Hz) in all stages.
CEC	stage_h5_sw_density	Stage Hour 5 - Slow wave density (count/min) in all stages.
CED	stage_h5_N1_valid_min	Stage Hour 5 - Valid (no artifact) duration (min) in N1 stage available for detection minus the REM periods if excluded.
CEE	stage_h5_N1_sw_count	Stage Hour 5 - Slow wave count in N1 stage.
CEF	stage_h5_N1_sw_sec	Stage Hour 5 - Average slow wave duration (s) in N1 stage.
CEG	stage_h5_N1_pkpk_amp_uV	Stage Hour 5 - Average slow wave peak-to-peak amplitude (µV) in N1 stage.
CEH	stage_h5_N1_freq_Hz	Stage Hour 5 - Average slow wave frequency (Hz) in N1 stage.
CEI	stage_h5_N1_neg_amp_uV	Stage Hour 5 - Average slow wave negative amplitude (µV) in N1 stage.
CEJ	stage_h5_N1_neg_sec	Stage Hour 5 - Average slow wave negative duration (s) in N1 stage.
CEK	stage_h5_N1_neg_peak_sec	Stage Hour 5 - Average slow wave duration (s) from onset to the negative peak in N1 stage.
CEL	stage_h5_N1_pos_sec	Stage Hour 5 - Average slow wave positive duration (s) in N1 stage.
CEM	stage_h5_N1_pos_peak_sec	Stage Hour 5 - Average slow wave duration (s) from onset to the positive peak in N1 stage.
CEN	stage_h5_N1_slope_0_min	Stage Hour 5 - Average slow wave slope (uV/s) from 0 to min of negative in N1 stage.
CEO	stage_h5_N1_slope_min_max	Stage Hour 5 - Average slow wave slope (uV/s) from min of negative to max of positive in N1 stage.
CEP	stage_h5_N1_slope_max_0	Stage Hour 5 - Average slow wave slope (uV/s) from max of positive to the 0 crossing in N1 stage.
CEQ	stage_h5_N1_trans_freq_Hz	Stage Hour 5 - Average slow wave transition frequency (Hz) in N1 stage.
CER	stage_h5_N1_sw_density	Stage Hour 5 - Slow wave density (count/min) in N1 stage.
CES	stage_h5_N2_valid_min	Stage Hour 5 - Valid (no artifact) duration (min) in N2 stage available for detection minus the REM periods if excluded.
CET	stage_h5_N2_sw_count	Stage Hour 5 - Slow wave count in N2 stage.
CEU	stage_h5_N2_sw_sec	Stage Hour 5 - Average slow wave duration (s) in N2 stage.
CEV	stage_h5_N2_pkpk_amp_uV	Stage Hour 5 - Average slow wave peak-to-peak amplitude (µV) in N2 stage.
CEW	stage_h5_N2_freq_Hz	Stage Hour 5 - Average slow wave frequency (Hz) in N2 stage.
CEX	stage_h5_N2_neg_amp_uV	Stage Hour 5 - Average slow wave negative amplitude (µV) in N2 stage.
CEY	stage_h5_N2_neg_sec	Stage Hour 5 - Average slow wave negative duration (s) in N2 stage.
CEZ	stage_h5_N2_neg_peak_sec	Stage Hour 5 - Average slow wave duration (s) from onset to the negative peak in N2 stage.
CFA	stage_h5_N2_pos_sec	Stage Hour 5 - Average slow wave positive duration (s) in N2 stage.
CFB	stage_h5_N2_pos_peak_sec	Stage Hour 5 - Average slow wave duration (s) from onset to the positive peak in N2 stage.
CFC	stage_h5_N2_slope_0_min	Stage Hour 5 - Average slow wave slope (uV/s) from 0 to min of negative in N2 stage.
CFD	stage_h5_N2_slope_min_max	Stage Hour 5 - Average slow wave slope (uV/s) from min of negative to max of positive in N2 stage.
CFE	stage_h5_N2_slope_max_0	Stage Hour 5 - Average slow wave slope (uV/s) from max of positive to the 0 crossing in N2 stage.
CFF	stage_h5_N2_trans_freq_Hz	Stage Hour 5 - Average slow wave transition frequency (Hz) in N2 stage.
CFG	stage_h5_N2_sw_density	Stage Hour 5 - Slow wave density (count/min) in N2 stage.
CFH	stage_h5_N3_valid_min	Stage Hour 5 - Valid (no artifact) duration (min) in N3 stage available for detection minus the REM periods if excluded.
CFI	stage_h5_N3_sw_count	Stage Hour 5 - Slow wave count in N3 stage.
CFJ	stage_h5_N3_sw_sec	Stage Hour 5 - Average slow wave duration (s) in N3 stage.
CFK	stage_h5_N3_pkpk_amp_uV	Stage Hour 5 - Average slow wave peak-to-peak amplitude (µV) in N3 stage.
CFL	stage_h5_N3_freq_Hz	Stage Hour 5 - Average slow wave frequency (Hz) in N3 stage.
CFM	stage_h5_N3_neg_amp_uV	Stage Hour 5 - Average slow wave negative amplitude (µV) in N3 stage.
CFN	stage_h5_N3_neg_sec	Stage Hour 5 - Average slow wave negative duration (s) in N3 stage.
CFO	stage_h5_N3_neg_peak_sec	Stage Hour 5 - Average slow wave duration (s) from onset to the negative peak in N3 stage.
CFP	stage_h5_N3_pos_sec	Stage Hour 5 - Average slow wave positive duration (s) in N3 stage.
CFQ	stage_h5_N3_pos_peak_sec	Stage Hour 5 - Average slow wave duration (s) from onset to the positive peak in N3 stage.
CFR	stage_h5_N3_slope_0_min	Stage Hour 5 - Average slow wave slope (uV/s) from 0 to min of negative in N3 stage.
CFS	stage_h5_N3_slope_min_max	Stage Hour 5 - Average slow wave slope (uV/s) from min of negative to max of positive in N3 stage.
CFT	stage_h5_N3_slope_max_0	Stage Hour 5 - Average slow wave slope (uV/s) from max of positive to the 0 crossing in N3 stage.
CFU	stage_h5_N3_trans_freq_Hz	Stage Hour 5 - Average slow wave transition frequency (Hz) in N3 stage.
CFV	stage_h5_N3_sw_density	Stage Hour 5 - Slow wave density (count/min) in N3 stage.
CFW	stage_h5_N2N3_valid_min	Stage Hour 5 - Valid (no artifact) duration (min) in N2 and N3 stage available for detection minus the REM periods if excluded.
CFX	stage_h5_N2N3_sw_count	Stage Hour 5 - Slow wave count in N2 and N3 stage.
CFY	stage_h5_N2N3_sw_sec	Stage Hour 5 - Average slow wave duration (s) in N2 and N3 stage.
CFZ	stage_h5_N2N3_pkpk_amp_uV	Stage Hour 5 - Average slow wave peak-to-peak amplitude (µV) in N2 and N3 stage.
CGA	stage_h5_N2N3_freq_Hz	Stage Hour 5 - Average slow wave frequency (Hz) in N2 and N3 stage.
CGB	stage_h5_N2N3_neg_amp_uV	Stage Hour 5 - Average slow wave negative amplitude (µV) in N2 and N3 stage.
CGC	stage_h5_N2N3_neg_sec	Stage Hour 5 - Average slow wave negative duration (s) in N2 and N3 stage.
CGD	stage_h5_N2N3_neg_peak_sec	Stage Hour 5 - Average slow wave duration (s) from onset to the negative peak in N2 and N3 stage.
CGE	stage_h5_N2N3_pos_sec	Stage Hour 5 - Average slow wave positive duration (s) in N2 and N3 stage.
CGF	stage_h5_N2N3_pos_peak_sec	Stage Hour 5 - Average slow wave duration (s) from onset to the positive peak in N2 and N3 stage.
CGG	stage_h5_N2N3_slope_0_min	Stage Hour 5 - Average slow wave slope (uV/s) from 0 to min of negative in N2 and N3 stage.
CGH	stage_h5_N2N3_slope_min_max	Stage Hour 5 - Average slow wave slope (uV/s) from min of negative to max of positive in N2 and N3 stage.
CGI	stage_h5_N2N3_slope_max_0	Stage Hour 5 - Average slow wave slope (uV/s) from max of positive to the 0 crossing in N2 and N3 stage.
CGJ	stage_h5_N2N3_trans_freq_Hz	Stage Hour 5 - Average slow wave transition frequency (Hz) in N2 and N3 stage.
CGK	stage_h5_N2N3_sw_density	Stage Hour 5 - Slow wave density (count/min) in N2 and N3 stage.
CGL	stage_h5_NREM_valid_min	Stage Hour 5 - Valid (no artifact) duration (min) in NREM stage (N1, N2, N3) available for detection minus the REM periods if excluded.
CGM	stage_h5_NREM_sw_count	Stage Hour 5 - Slow wave count in NREM stage (N1, N2, N3).
CGN	stage_h5_NREM_sw_sec	Stage Hour 5 - Average slow wave duration (s) in NREM stage (N1, N2, N3).
CGO	stage_h5_NREM_pkpk_amp_uV	Stage Hour 5 - Average slow wave peak-to-peak amplitude (µV) in NREM stage (N1, N2, N3).
CGP	stage_h5_NREM_freq_Hz	Stage Hour 5 - Average slow wave frequency (Hz) in NREM stage (N1, N2, N3).
CGQ	stage_h5_NREM_neg_amp_uV	Stage Hour 5 - Average slow wave negative amplitude (µV) in NREM stage (N1, N2, N3).
CGR	stage_h5_NREM_neg_sec	Stage Hour 5 - Average slow wave negative duration (s) in NREM stage (N1, N2, N3).
CGS	stage_h5_NREM_neg_peak_sec	Stage Hour 5 - Average slow wave duration (s) from onset to the negative peak in NREM stage (N1, N2, N3).
CGT	stage_h5_NREM_pos_sec	Stage Hour 5 - Average slow wave positive duration (s) in NREM stage (N1, N2, N3).
CGU	stage_h5_NREM_pos_peak_sec	Stage Hour 5 - Average slow wave duration (s) from onset to the positive peak in NREM stage (N1, N2, N3).
CGV	stage_h5_NREM_slope_0_min	Stage Hour 5 - Average slow wave slope (uV/s) from 0 to min of negative in NREM stage (N1, N2, N3).
CGW	stage_h5_NREM_slope_min_max	Stage Hour 5 - Average slow wave slope (uV/s) from min of negative to max of positive in NREM stage (N1, N2, N3).
CGX	stage_h5_NREM_slope_max_0	Stage Hour 5 - Average slow wave slope (uV/s) from max of positive to the 0 crossing in NREM stage (N1, N2, N3).
CGY	stage_h5_NREM_trans_freq_Hz	Stage Hour 5 - Average slow wave transition frequency (Hz) in NREM stage (N1, N2, N3).
CGZ	stage_h5_NREM_sw_density	Stage Hour 5 - Slow wave density (count/min) in NREM stage (N1, N2, N3).
CHA	stage_h5_R_valid_min	Stage Hour 5 - Valid (no artifact) duration (min) in REM stage available for detection.
CHB	stage_h5_R_sw_count	Stage Hour 5 - Slow wave count in REM stage.
CHC	stage_h5_R_sw_sec	Stage Hour 5 - Average slow wave duration (s) in REM stage.
CHD	stage_h5_R_pkpk_amp_uV	Stage Hour 5 - Average slow wave peak-to-peak amplitude (µV) in REM stage.
CHE	stage_h5_R_freq_Hz	Stage Hour 5 - Average slow wave frequency (Hz) in REM stage.
CHF	stage_h5_R_neg_amp_uV	Stage Hour 5 - Average slow wave negative amplitude (µV) in REM stage.
CHG	stage_h5_R_neg_sec	Stage Hour 5 - Average slow wave negative duration (s) in REM stage.
CHH	stage_h5_R_neg_peak_sec	Stage Hour 5 - Average slow wave duration (s) from onset to the negative peak in REM stage.
CHI	stage_h5_R_pos_sec	Stage Hour 5 - Average slow wave positive duration (s) in REM stage.
CHJ	stage_h5_R_pos_peak_sec	Stage Hour 5 - Average slow wave duration (s) from onset to the positive peak in REM stage.
CHK	stage_h5_R_slope_0_min	Stage Hour 5 - Average slow wave slope (uV/s) from 0 to min of negative in REM stage.
CHL	stage_h5_R_slope_min_max	Stage Hour 5 - Average slow wave slope (uV/s) from min of negative to max of positive in REM stage.
CHM	stage_h5_R_slope_max_0	Stage Hour 5 - Average slow wave slope (uV/s) from max of positive to the 0 crossing in REM stage.
CHN	stage_h5_R_trans_freq_Hz	Stage Hour 5 - Average slow wave transition frequency (Hz) in REM stage.
CHO	stage_h5_R_sw_density	Stage Hour 5 - Slow wave density (count/min) in REM stage.
CHP	stage_h6_min	Stage Hour 6 duration (min) minus the REM periods if excluded.
CHQ	stage_h6_sw_count	Stage Hour 6 - Slow wave count in all stages.
CHR	stage_h6_sw_sec	Stage Hour 6 - Average slow wave duration (s) in all stages.
CHS	stage_h6_pkpk_amp_uV	Stage Hour 6 - Average slow wave peak-to-peak amplitude (µV) in all stages.
CHT	stage_h6_freq_Hz	Stage Hour 6 - Average slow wave frequency (Hz) in all stages.
CHU	stage_h6_neg_amp_uV	Stage Hour 6 - Average slow wave negative amplitude (µV) in all stages.
CHV	stage_h6_neg_sec	Stage Hour 6 - Average slow wave negative duration (s) in all stages.
CHW	stage_h6_neg_peak_sec	Stage Hour 6 - Average slow wave duration (s) from onset to the negative peak in all stages.
CHX	stage_h6_pos_sec	Stage Hour 6 - Average slow wave positive duration (s) in all stages.
CHY	stage_h6_pos_peak_sec	Stage Hour 6 - Average slow wave duration (s) from onset to the positive peak in all stages.
CHZ	stage_h6_slope_0_min	Stage Hour 6 - Average slow wave slope (uV/s) from 0 to min of negative in all stages.
CIA	stage_h6_slope_min_max	Stage Hour 6 - Average slow wave slope (uV/s) from min of negative to max of positive in all stages.
CIB	stage_h6_slope_max_0	Stage Hour 6 - Average slow wave slope (uV/s) from max of positive to the 0 crossing in all stages.
CIC	stage_h6_trans_freq_Hz	Stage Hour 6 - Average slow wave transition frequency (Hz) in all stages.
CID	stage_h6_sw_density	Stage Hour 6 - Slow wave density (count/min) in all stages.
CIE	stage_h6_N1_valid_min	Stage Hour 6 - Valid (no artifact) duration (min) in N1 stage available for detection minus the REM periods if excluded.
CIF	stage_h6_N1_sw_count	Stage Hour 6 - Slow wave count in N1 stage.
CIG	stage_h6_N1_sw_sec	Stage Hour 6 - Average slow wave duration (s) in N1 stage.
CIH	stage_h6_N1_pkpk_amp_uV	Stage Hour 6 - Average slow wave peak-to-peak amplitude (µV) in N1 stage.
CII	stage_h6_N1_freq_Hz	Stage Hour 6 - Average slow wave frequency (Hz) in N1 stage.
CIJ	stage_h6_N1_neg_amp_uV	Stage Hour 6 - Average slow wave negative amplitude (µV) in N1 stage.
CIK	stage_h6_N1_neg_sec	Stage Hour 6 - Average slow wave negative duration (s) in N1 stage.
CIL	stage_h6_N1_neg_peak_sec	Stage Hour 6 - Average slow wave duration (s) from onset to the negative peak in N1 stage.
CIM	stage_h6_N1_pos_sec	Stage Hour 6 - Average slow wave positive duration (s) in N1 stage.
CIN	stage_h6_N1_pos_peak_sec	Stage Hour 6 - Average slow wave duration (s) from onset to the positive peak in N1 stage.
CIO	stage_h6_N1_slope_0_min	Stage Hour 6 - Average slow wave slope (uV/s) from 0 to min of negative in N1 stage.
CIP	stage_h6_N1_slope_min_max	Stage Hour 6 - Average slow wave slope (uV/s) from min of negative to max of positive in N1 stage.
CIQ	stage_h6_N1_slope_max_0	Stage Hour 6 - Average slow wave slope (uV/s) from max of positive to the 0 crossing in N1 stage.
CIR	stage_h6_N1_trans_freq_Hz	Stage Hour 6 - Average slow wave transition frequency (Hz) in N1 stage.
CIS	stage_h6_N1_sw_density	Stage Hour 6 - Slow wave density (count/min) in N1 stage.
CIT	stage_h6_N2_valid_min	Stage Hour 6 - Valid (no artifact) duration (min) in N2 stage available for detection minus the REM periods if excluded.
CIU	stage_h6_N2_sw_count	Stage Hour 6 - Slow wave count in N2 stage.
CIV	stage_h6_N2_sw_sec	Stage Hour 6 - Average slow wave duration (s) in N2 stage.
CIW	stage_h6_N2_pkpk_amp_uV	Stage Hour 6 - Average slow wave peak-to-peak amplitude (µV) in N2 stage.
CIX	stage_h6_N2_freq_Hz	Stage Hour 6 - Average slow wave frequency (Hz) in N2 stage.
CIY	stage_h6_N2_neg_amp_uV	Stage Hour 6 - Average slow wave negative amplitude (µV) in N2 stage.
CIZ	stage_h6_N2_neg_sec	Stage Hour 6 - Average slow wave negative duration (s) in N2 stage.
CJA	stage_h6_N2_neg_peak_sec	Stage Hour 6 - Average slow wave duration (s) from onset to the negative peak in N2 stage.
CJB	stage_h6_N2_pos_sec	Stage Hour 6 - Average slow wave positive duration (s) in N2 stage.
CJC	stage_h6_N2_pos_peak_sec	Stage Hour 6 - Average slow wave duration (s) from onset to the positive peak in N2 stage.
CJD	stage_h6_N2_slope_0_min	Stage Hour 6 - Average slow wave slope (uV/s) from 0 to min of negative in N2 stage.
CJE	stage_h6_N2_slope_min_max	Stage Hour 6 - Average slow wave slope (uV/s) from min of negative to max of positive in N2 stage.
CJF	stage_h6_N2_slope_max_0	Stage Hour 6 - Average slow wave slope (uV/s) from max of positive to the 0 crossing in N2 stage.
CJG	stage_h6_N2_trans_freq_Hz	Stage Hour 6 - Average slow wave transition frequency (Hz) in N2 stage.
CJH	stage_h6_N2_sw_density	Stage Hour 6 - Slow wave density (count/min) in N2 stage.
CJI	stage_h6_N3_valid_min	Stage Hour 6 - Valid (no artifact) duration (min) in N3 stage available for detection minus the REM periods if excluded.
CJJ	stage_h6_N3_sw_count	Stage Hour 6 - Slow wave count in N3 stage.
CJK	stage_h6_N3_sw_sec	Stage Hour 6 - Average slow wave duration (s) in N3 stage.
CJL	stage_h6_N3_pkpk_amp_uV	Stage Hour 6 - Average slow wave peak-to-peak amplitude (µV) in N3 stage.
CJM	stage_h6_N3_freq_Hz	Stage Hour 6 - Average slow wave frequency (Hz) in N3 stage.
CJN	stage_h6_N3_neg_amp_uV	Stage Hour 6 - Average slow wave negative amplitude (µV) in N3 stage.
CJO	stage_h6_N3_neg_sec	Stage Hour 6 - Average slow wave negative duration (s) in N3 stage.
CJP	stage_h6_N3_neg_peak_sec	Stage Hour 6 - Average slow wave duration (s) from onset to the negative peak in N3 stage.
CJQ	stage_h6_N3_pos_sec	Stage Hour 6 - Average slow wave positive duration (s) in N3 stage.
CJR	stage_h6_N3_pos_peak_sec	Stage Hour 6 - Average slow wave duration (s) from onset to the positive peak in N3 stage.
CJS	stage_h6_N3_slope_0_min	Stage Hour 6 - Average slow wave slope (uV/s) from 0 to min of negative in N3 stage.
CJT	stage_h6_N3_slope_min_max	Stage Hour 6 - Average slow wave slope (uV/s) from min of negative to max of positive in N3 stage.
CJU	stage_h6_N3_slope_max_0	Stage Hour 6 - Average slow wave slope (uV/s) from max of positive to the 0 crossing in N3 stage.
CJV	stage_h6_N3_trans_freq_Hz	Stage Hour 6 - Average slow wave transition frequency (Hz) in N3 stage.
CJW	stage_h6_N3_sw_density	Stage Hour 6 - Slow wave density (count/min) in N3 stage.
CJX	stage_h6_N2N3_valid_min	Stage Hour 6 - Valid (no artifact) duration (min) in N2 and N3 stage available for detection minus the REM periods if excluded.
CJY	stage_h6_N2N3_sw_count	Stage Hour 6 - Slow wave count in N2 and N3 stage.
CJZ	stage_h6_N2N3_sw_sec	Stage Hour 6 - Average slow wave duration (s) in N2 and N3 stage.
CKA	stage_h6_N2N3_pkpk_amp_uV	Stage Hour 6 - Average slow wave peak-to-peak amplitude (µV) in N2 and N3 stage.
CKB	stage_h6_N2N3_freq_Hz	Stage Hour 6 - Average slow wave frequency (Hz) in N2 and N3 stage.
CKC	stage_h6_N2N3_neg_amp_uV	Stage Hour 6 - Average slow wave negative amplitude (µV) in N2 and N3 stage.
CKD	stage_h6_N2N3_neg_sec	Stage Hour 6 - Average slow wave negative duration (s) in N2 and N3 stage.
CKE	stage_h6_N2N3_neg_peak_sec	Stage Hour 6 - Average slow wave duration (s) from onset to the negative peak in N2 and N3 stage.
CKF	stage_h6_N2N3_pos_sec	Stage Hour 6 - Average slow wave positive duration (s) in N2 and N3 stage.
CKG	stage_h6_N2N3_pos_peak_sec	Stage Hour 6 - Average slow wave duration (s) from onset to the positive peak in N2 and N3 stage.
CKH	stage_h6_N2N3_slope_0_min	Stage Hour 6 - Average slow wave slope (uV/s) from 0 to min of negative in N2 and N3 stage.
CKI	stage_h6_N2N3_slope_min_max	Stage Hour 6 - Average slow wave slope (uV/s) from min of negative to max of positive in N2 and N3 stage.
CKJ	stage_h6_N2N3_slope_max_0	Stage Hour 6 - Average slow wave slope (uV/s) from max of positive to the 0 crossing in N2 and N3 stage.
CKK	stage_h6_N2N3_trans_freq_Hz	Stage Hour 6 - Average slow wave transition frequency (Hz) in N2 and N3 stage.
CKL	stage_h6_N2N3_sw_density	Stage Hour 6 - Slow wave density (count/min) in N2 and N3 stage.
CKM	stage_h6_NREM_valid_min	Stage Hour 6 - Valid (no artifact) duration (min) in NREM stage (N1, N2, N3) available for detection minus the REM periods if excluded.
CKN	stage_h6_NREM_sw_count	Stage Hour 6 - Slow wave count in NREM stage (N1, N2, N3).
CKO	stage_h6_NREM_sw_sec	Stage Hour 6 - Average slow wave duration (s) in NREM stage (N1, N2, N3).
CKP	stage_h6_NREM_pkpk_amp_uV	Stage Hour 6 - Average slow wave peak-to-peak amplitude (µV) in NREM stage (N1, N2, N3).
CKQ	stage_h6_NREM_freq_Hz	Stage Hour 6 - Average slow wave frequency (Hz) in NREM stage (N1, N2, N3).
CKR	stage_h6_NREM_neg_amp_uV	Stage Hour 6 - Average slow wave negative amplitude (µV) in NREM stage (N1, N2, N3).
CKS	stage_h6_NREM_neg_sec	Stage Hour 6 - Average slow wave negative duration (s) in NREM stage (N1, N2, N3).
CKT	stage_h6_NREM_neg_peak_sec	Stage Hour 6 - Average slow wave duration (s) from onset to the negative peak in NREM stage (N1, N2, N3).
CKU	stage_h6_NREM_pos_sec	Stage Hour 6 - Average slow wave positive duration (s) in NREM stage (N1, N2, N3).
CKV	stage_h6_NREM_pos_peak_sec	Stage Hour 6 - Average slow wave duration (s) from onset to the positive peak in NREM stage (N1, N2, N3).
CKW	stage_h6_NREM_slope_0_min	Stage Hour 6 - Average slow wave slope (uV/s) from 0 to min of negative in NREM stage (N1, N2, N3).
CKX	stage_h6_NREM_slope_min_max	Stage Hour 6 - Average slow wave slope (uV/s) from min of negative to max of positive in NREM stage (N1, N2, N3).
CKY	stage_h6_NREM_slope_max_0	Stage Hour 6 - Average slow wave slope (uV/s) from max of positive to the 0 crossing in NREM stage (N1, N2, N3).
CKZ	stage_h6_NREM_trans_freq_Hz	Stage Hour 6 - Average slow wave transition frequency (Hz) in NREM stage (N1, N2, N3).
CLA	stage_h6_NREM_sw_density	Stage Hour 6 - Slow wave density (count/min) in NREM stage (N1, N2, N3).
CLB	stage_h6_R_valid_min	Stage Hour 6 - Valid (no artifact) duration (min) in REM stage available for detection.
CLC	stage_h6_R_sw_count	Stage Hour 6 - Slow wave count in REM stage.
CLD	stage_h6_R_sw_sec	Stage Hour 6 - Average slow wave duration (s) in REM stage.
CLE	stage_h6_R_pkpk_amp_uV	Stage Hour 6 - Average slow wave peak-to-peak amplitude (µV) in REM stage.
CLF	stage_h6_R_freq_Hz	Stage Hour 6 - Average slow wave frequency (Hz) in REM stage.
CLG	stage_h6_R_neg_amp_uV	Stage Hour 6 - Average slow wave negative amplitude (µV) in REM stage.
CLH	stage_h6_R_neg_sec	Stage Hour 6 - Average slow wave negative duration (s) in REM stage.
CLI	stage_h6_R_neg_peak_sec	Stage Hour 6 - Average slow wave duration (s) from onset to the negative peak in REM stage.
CLJ	stage_h6_R_pos_sec	Stage Hour 6 - Average slow wave positive duration (s) in REM stage.
CLK	stage_h6_R_pos_peak_sec	Stage Hour 6 - Average slow wave duration (s) from onset to the positive peak in REM stage.
CLL	stage_h6_R_slope_0_min	Stage Hour 6 - Average slow wave slope (uV/s) from 0 to min of negative in REM stage.
CLM	stage_h6_R_slope_min_max	Stage Hour 6 - Average slow wave slope (uV/s) from min of negative to max of positive in REM stage.
CLN	stage_h6_R_slope_max_0	Stage Hour 6 - Average slow wave slope (uV/s) from max of positive to the 0 crossing in REM stage.
CLO	stage_h6_R_trans_freq_Hz	Stage Hour 6 - Average slow wave transition frequency (Hz) in REM stage.
CLP	stage_h6_R_sw_density	Stage Hour 6 - Slow wave density (count/min) in REM stage.
CLQ	stage_h7_min	Stage Hour 7 duration (min) minus the REM periods if excluded.
CLR	stage_h7_sw_count	Stage Hour 7 - Slow wave count in all stages.
CLS	stage_h7_sw_sec	Stage Hour 7 - Average slow wave duration (s) in all stages.
CLT	stage_h7_pkpk_amp_uV	Stage Hour 7 - Average slow wave peak-to-peak amplitude (µV) in all stages.
CLU	stage_h7_freq_Hz	Stage Hour 7 - Average slow wave frequency (Hz) in all stages.
CLV	stage_h7_neg_amp_uV	Stage Hour 7 - Average slow wave negative amplitude (µV) in all stages.
CLW	stage_h7_neg_sec	Stage Hour 7 - Average slow wave negative duration (s) in all stages.
CLX	stage_h7_neg_peak_sec	Stage Hour 7 - Average slow wave duration (s) from onset to the negative peak in all stages.
CLY	stage_h7_pos_sec	Stage Hour 7 - Average slow wave positive duration (s) in all stages.
CLZ	stage_h7_pos_peak_sec	Stage Hour 7 - Average slow wave duration (s) from onset to the positive peak in all stages.
CMA	stage_h7_slope_0_min	Stage Hour 7 - Average slow wave slope (uV/s) from 0 to min of negative in all stages.
CMB	stage_h7_slope_min_max	Stage Hour 7 - Average slow wave slope (uV/s) from min of negative to max of positive in all stages.
CMC	stage_h7_slope_max_0	Stage Hour 7 - Average slow wave slope (uV/s) from max of positive to the 0 crossing in all stages.
CMD	stage_h7_trans_freq_Hz	Stage Hour 7 - Average slow wave transition frequency (Hz) in all stages.
CME	stage_h7_sw_density	Stage Hour 7 - Slow wave density (count/min) in all stages.
CMF	stage_h7_N1_valid_min	Stage Hour 7 - Valid (no artifact) duration (min) in N1 stage available for detection minus the REM periods if excluded.
CMG	stage_h7_N1_sw_count	Stage Hour 7 - Slow wave count in N1 stage.
CMH	stage_h7_N1_sw_sec	Stage Hour 7 - Average slow wave duration (s) in N1 stage.
CMI	stage_h7_N1_pkpk_amp_uV	Stage Hour 7 - Average slow wave peak-to-peak amplitude (µV) in N1 stage.
CMJ	stage_h7_N1_freq_Hz	Stage Hour 7 - Average slow wave frequency (Hz) in N1 stage.
CMK	stage_h7_N1_neg_amp_uV	Stage Hour 7 - Average slow wave negative amplitude (µV) in N1 stage.
CML	stage_h7_N1_neg_sec	Stage Hour 7 - Average slow wave negative duration (s) in N1 stage.
CMM	stage_h7_N1_neg_peak_sec	Stage Hour 7 - Average slow wave duration (s) from onset to the negative peak in N1 stage.
CMN	stage_h7_N1_pos_sec	Stage Hour 7 - Average slow wave positive duration (s) in N1 stage.
CMO	stage_h7_N1_pos_peak_sec	Stage Hour 7 - Average slow wave duration (s) from onset to the positive peak in N1 stage.
CMP	stage_h7_N1_slope_0_min	Stage Hour 7 - Average slow wave slope (uV/s) from 0 to min of negative in N1 stage.
CMQ	stage_h7_N1_slope_min_max	Stage Hour 7 - Average slow wave slope (uV/s) from min of negative to max of positive in N1 stage.
CMR	stage_h7_N1_slope_max_0	Stage Hour 7 - Average slow wave slope (uV/s) from max of positive to the 0 crossing in N1 stage.
CMS	stage_h7_N1_trans_freq_Hz	Stage Hour 7 - Average slow wave transition frequency (Hz) in N1 stage.
CMT	stage_h7_N1_sw_density	Stage Hour 7 - Slow wave density (count/min) in N1 stage.
CMU	stage_h7_N2_valid_min	Stage Hour 7 - Valid (no artifact) duration (min) in N2 stage available for detection minus the REM periods if excluded.
CMV	stage_h7_N2_sw_count	Stage Hour 7 - Slow wave count in N2 stage.
CMW	stage_h7_N2_sw_sec	Stage Hour 7 - Average slow wave duration (s) in N2 stage.
CMX	stage_h7_N2_pkpk_amp_uV	Stage Hour 7 - Average slow wave peak-to-peak amplitude (µV) in N2 stage.
CMY	stage_h7_N2_freq_Hz	Stage Hour 7 - Average slow wave frequency (Hz) in N2 stage.
CMZ	stage_h7_N2_neg_amp_uV	Stage Hour 7 - Average slow wave negative amplitude (µV) in N2 stage.
CNA	stage_h7_N2_neg_sec	Stage Hour 7 - Average slow wave negative duration (s) in N2 stage.
CNB	stage_h7_N2_neg_peak_sec	Stage Hour 7 - Average slow wave duration (s) from onset to the negative peak in N2 stage.
CNC	stage_h7_N2_pos_sec	Stage Hour 7 - Average slow wave positive duration (s) in N2 stage.
CND	stage_h7_N2_pos_peak_sec	Stage Hour 7 - Average slow wave duration (s) from onset to the positive peak in N2 stage.
CNE	stage_h7_N2_slope_0_min	Stage Hour 7 - Average slow wave slope (uV/s) from 0 to min of negative in N2 stage.
CNF	stage_h7_N2_slope_min_max	Stage Hour 7 - Average slow wave slope (uV/s) from min of negative to max of positive in N2 stage.
CNG	stage_h7_N2_slope_max_0	Stage Hour 7 - Average slow wave slope (uV/s) from max of positive to the 0 crossing in N2 stage.
CNH	stage_h7_N2_trans_freq_Hz	Stage Hour 7 - Average slow wave transition frequency (Hz) in N2 stage.
CNI	stage_h7_N2_sw_density	Stage Hour 7 - Slow wave density (count/min) in N2 stage.
CNJ	stage_h7_N3_valid_min	Stage Hour 7 - Valid (no artifact) duration (min) in N3 stage available for detection minus the REM periods if excluded.
CNK	stage_h7_N3_sw_count	Stage Hour 7 - Slow wave count in N3 stage.
CNL	stage_h7_N3_sw_sec	Stage Hour 7 - Average slow wave duration (s) in N3 stage.
CNM	stage_h7_N3_pkpk_amp_uV	Stage Hour 7 - Average slow wave peak-to-peak amplitude (µV) in N3 stage.
CNN	stage_h7_N3_freq_Hz	Stage Hour 7 - Average slow wave frequency (Hz) in N3 stage.
CNO	stage_h7_N3_neg_amp_uV	Stage Hour 7 - Average slow wave negative amplitude (µV) in N3 stage.
CNP	stage_h7_N3_neg_sec	Stage Hour 7 - Average slow wave negative duration (s) in N3 stage.
CNQ	stage_h7_N3_neg_peak_sec	Stage Hour 7 - Average slow wave duration (s) from onset to the negative peak in N3 stage.
CNR	stage_h7_N3_pos_sec	Stage Hour 7 - Average slow wave positive duration (s) in N3 stage.
CNS	stage_h7_N3_pos_peak_sec	Stage Hour 7 - Average slow wave duration (s) from onset to the positive peak in N3 stage.
CNT	stage_h7_N3_slope_0_min	Stage Hour 7 - Average slow wave slope (uV/s) from 0 to min of negative in N3 stage.
CNU	stage_h7_N3_slope_min_max	Stage Hour 7 - Average slow wave slope (uV/s) from min of negative to max of positive in N3 stage.
CNV	stage_h7_N3_slope_max_0	Stage Hour 7 - Average slow wave slope (uV/s) from max of positive to the 0 crossing in N3 stage.
CNW	stage_h7_N3_trans_freq_Hz	Stage Hour 7 - Average slow wave transition frequency (Hz) in N3 stage.
CNX	stage_h7_N3_sw_density	Stage Hour 7 - Slow wave density (count/min) in N3 stage.
CNY	stage_h7_N2N3_valid_min	Stage Hour 7 - Valid (no artifact) duration (min) in N2 and N3 stage available for detection minus the REM periods if excluded.
CNZ	stage_h7_N2N3_sw_count	Stage Hour 7 - Slow wave count in N2 and N3 stage.
COA	stage_h7_N2N3_sw_sec	Stage Hour 7 - Average slow wave duration (s) in N2 and N3 stage.
COB	stage_h7_N2N3_pkpk_amp_uV	Stage Hour 7 - Average slow wave peak-to-peak amplitude (µV) in N2 and N3 stage.
COC	stage_h7_N2N3_freq_Hz	Stage Hour 7 - Average slow wave frequency (Hz) in N2 and N3 stage.
COD	stage_h7_N2N3_neg_amp_uV	Stage Hour 7 - Average slow wave negative amplitude (µV) in N2 and N3 stage.
COE	stage_h7_N2N3_neg_sec	Stage Hour 7 - Average slow wave negative duration (s) in N2 and N3 stage.
COF	stage_h7_N2N3_neg_peak_sec	Stage Hour 7 - Average slow wave duration (s) from onset to the negative peak in N2 and N3 stage.
COG	stage_h7_N2N3_pos_sec	Stage Hour 7 - Average slow wave positive duration (s) in N2 and N3 stage.
COH	stage_h7_N2N3_pos_peak_sec	Stage Hour 7 - Average slow wave duration (s) from onset to the positive peak in N2 and N3 stage.
COI	stage_h7_N2N3_slope_0_min	Stage Hour 7 - Average slow wave slope (uV/s) from 0 to min of negative in N2 and N3 stage.
COJ	stage_h7_N2N3_slope_min_max	Stage Hour 7 - Average slow wave slope (uV/s) from min of negative to max of positive in N2 and N3 stage.
COK	stage_h7_N2N3_slope_max_0	Stage Hour 7 - Average slow wave slope (uV/s) from max of positive to the 0 crossing in N2 and N3 stage.
COL	stage_h7_N2N3_trans_freq_Hz	Stage Hour 7 - Average slow wave transition frequency (Hz) in N2 and N3 stage.
COM	stage_h7_N2N3_sw_density	Stage Hour 7 - Slow wave density (count/min) in N2 and N3 stage.
CON	stage_h7_NREM_valid_min	Stage Hour 7 - Valid (no artifact) duration (min) in NREM stage (N1, N2, N3) available for detection minus the REM periods if excluded.
COO	stage_h7_NREM_sw_count	Stage Hour 7 - Slow wave count in NREM stage (N1, N2, N3).
COP	stage_h7_NREM_sw_sec	Stage Hour 7 - Average slow wave duration (s) in NREM stage (N1, N2, N3).
COQ	stage_h7_NREM_pkpk_amp_uV	Stage Hour 7 - Average slow wave peak-to-peak amplitude (µV) in NREM stage (N1, N2, N3).
COR	stage_h7_NREM_freq_Hz	Stage Hour 7 - Average slow wave frequency (Hz) in NREM stage (N1, N2, N3).
COS	stage_h7_NREM_neg_amp_uV	Stage Hour 7 - Average slow wave negative amplitude (µV) in NREM stage (N1, N2, N3).
COT	stage_h7_NREM_neg_sec	Stage Hour 7 - Average slow wave negative duration (s) in NREM stage (N1, N2, N3).
COU	stage_h7_NREM_neg_peak_sec	Stage Hour 7 - Average slow wave duration (s) from onset to the negative peak in NREM stage (N1, N2, N3).
COV	stage_h7_NREM_pos_sec	Stage Hour 7 - Average slow wave positive duration (s) in NREM stage (N1, N2, N3).
COW	stage_h7_NREM_pos_peak_sec	Stage Hour 7 - Average slow wave duration (s) from onset to the positive peak in NREM stage (N1, N2, N3).
COX	stage_h7_NREM_slope_0_min	Stage Hour 7 - Average slow wave slope (uV/s) from 0 to min of negative in NREM stage (N1, N2, N3).
COY	stage_h7_NREM_slope_min_max	Stage Hour 7 - Average slow wave slope (uV/s) from min of negative to max of positive in NREM stage (N1, N2, N3).
COZ	stage_h7_NREM_slope_max_0	Stage Hour 7 - Average slow wave slope (uV/s) from max of positive to the 0 crossing in NREM stage (N1, N2, N3).
CPA	stage_h7_NREM_trans_freq_Hz	Stage Hour 7 - Average slow wave transition frequency (Hz) in NREM stage (N1, N2, N3).
CPB	stage_h7_NREM_sw_density	Stage Hour 7 - Slow wave density (count/min) in NREM stage (N1, N2, N3).
CPC	stage_h7_R_valid_min	Stage Hour 7 - Valid (no artifact) duration (min) in REM stage available for detection.
CPD	stage_h7_R_sw_count	Stage Hour 7 - Slow wave count in REM stage.
CPE	stage_h7_R_sw_sec	Stage Hour 7 - Average slow wave duration (s) in REM stage.
CPF	stage_h7_R_pkpk_amp_uV	Stage Hour 7 - Average slow wave peak-to-peak amplitude (µV) in REM stage.
CPG	stage_h7_R_freq_Hz	Stage Hour 7 - Average slow wave frequency (Hz) in REM stage.
CPH	stage_h7_R_neg_amp_uV	Stage Hour 7 - Average slow wave negative amplitude (µV) in REM stage.
CPI	stage_h7_R_neg_sec	Stage Hour 7 - Average slow wave negative duration (s) in REM stage.
CPJ	stage_h7_R_neg_peak_sec	Stage Hour 7 - Average slow wave duration (s) from onset to the negative peak in REM stage.
CPK	stage_h7_R_pos_sec	Stage Hour 7 - Average slow wave positive duration (s) in REM stage.
CPL	stage_h7_R_pos_peak_sec	Stage Hour 7 - Average slow wave duration (s) from onset to the positive peak in REM stage.
CPM	stage_h7_R_slope_0_min	Stage Hour 7 - Average slow wave slope (uV/s) from 0 to min of negative in REM stage.
CPN	stage_h7_R_slope_min_max	Stage Hour 7 - Average slow wave slope (uV/s) from min of negative to max of positive in REM stage.
CPO	stage_h7_R_slope_max_0	Stage Hour 7 - Average slow wave slope (uV/s) from max of positive to the 0 crossing in REM stage.
CPP	stage_h7_R_trans_freq_Hz	Stage Hour 7 - Average slow wave transition frequency (Hz) in REM stage.
CPQ	stage_h7_R_sw_density	Stage Hour 7 - Slow wave density (count/min) in REM stage.
CPR	stage_h8_min	Stage Hour 8 duration (min) minus the REM periods if excluded.
CPS	stage_h8_sw_count	Stage Hour 8 - Slow wave count in all stages.
CPT	stage_h8_sw_sec	Stage Hour 8 - Average slow wave duration (s) in all stages.
CPU	stage_h8_pkpk_amp_uV	Stage Hour 8 - Average slow wave peak-to-peak amplitude (µV) in all stages.
CPV	stage_h8_freq_Hz	Stage Hour 8 - Average slow wave frequency (Hz) in all stages.
CPW	stage_h8_neg_amp_uV	Stage Hour 8 - Average slow wave negative amplitude (µV) in all stages.
CPX	stage_h8_neg_sec	Stage Hour 8 - Average slow wave negative duration (s) in all stages.
CPY	stage_h8_neg_peak_sec	Stage Hour 8 - Average slow wave duration (s) from onset to the negative peak in all stages.
CPZ	stage_h8_pos_sec	Stage Hour 8 - Average slow wave positive duration (s) in all stages.
CQA	stage_h8_pos_peak_sec	Stage Hour 8 - Average slow wave duration (s) from onset to the positive peak in all stages.
CQB	stage_h8_slope_0_min	Stage Hour 8 - Average slow wave slope (uV/s) from 0 to min of negative in all stages.
CQC	stage_h8_slope_min_max	Stage Hour 8 - Average slow wave slope (uV/s) from min of negative to max of positive in all stages.
CQD	stage_h8_slope_max_0	Stage Hour 8 - Average slow wave slope (uV/s) from max of positive to the 0 crossing in all stages.
CQE	stage_h8_trans_freq_Hz	Stage Hour 8 - Average slow wave transition frequency (Hz) in all stages.
CQF	stage_h8_sw_density	Stage Hour 8 - Slow wave density (count/min) in all stages.
CQG	stage_h8_N1_valid_min	Stage Hour 8 - Valid (no artifact) duration (min) in N1 stage available for detection minus the REM periods if excluded.
CQH	stage_h8_N1_sw_count	Stage Hour 8 - Slow wave count in N1 stage.
CQI	stage_h8_N1_sw_sec	Stage Hour 8 - Average slow wave duration (s) in N1 stage.
CQJ	stage_h8_N1_pkpk_amp_uV	Stage Hour 8 - Average slow wave peak-to-peak amplitude (µV) in N1 stage.
CQK	stage_h8_N1_freq_Hz	Stage Hour 8 - Average slow wave frequency (Hz) in N1 stage.
CQL	stage_h8_N1_neg_amp_uV	Stage Hour 8 - Average slow wave negative amplitude (µV) in N1 stage.
CQM	stage_h8_N1_neg_sec	Stage Hour 8 - Average slow wave negative duration (s) in N1 stage.
CQN	stage_h8_N1_neg_peak_sec	Stage Hour 8 - Average slow wave duration (s) from onset to the negative peak in N1 stage.
CQO	stage_h8_N1_pos_sec	Stage Hour 8 - Average slow wave positive duration (s) in N1 stage.
CQP	stage_h8_N1_pos_peak_sec	Stage Hour 8 - Average slow wave duration (s) from onset to the positive peak in N1 stage.
CQQ	stage_h8_N1_slope_0_min	Stage Hour 8 - Average slow wave slope (uV/s) from 0 to min of negative in N1 stage.
CQR	stage_h8_N1_slope_min_max	Stage Hour 8 - Average slow wave slope (uV/s) from min of negative to max of positive in N1 stage.
CQS	stage_h8_N1_slope_max_0	Stage Hour 8 - Average slow wave slope (uV/s) from max of positive to the 0 crossing in N1 stage.
CQT	stage_h8_N1_trans_freq_Hz	Stage Hour 8 - Average slow wave transition frequency (Hz) in N1 stage.
CQU	stage_h8_N1_sw_density	Stage Hour 8 - Slow wave density (count/min) in N1 stage.
CQV	stage_h8_N2_valid_min	Stage Hour 8 - Valid (no artifact) duration (min) in N2 stage available for detection minus the REM periods if excluded.
CQW	stage_h8_N2_sw_count	Stage Hour 8 - Slow wave count in N2 stage.
CQX	stage_h8_N2_sw_sec	Stage Hour 8 - Average slow wave duration (s) in N2 stage.
CQY	stage_h8_N2_pkpk_amp_uV	Stage Hour 8 - Average slow wave peak-to-peak amplitude (µV) in N2 stage.
CQZ	stage_h8_N2_freq_Hz	Stage Hour 8 - Average slow wave frequency (Hz) in N2 stage.
CRA	stage_h8_N2_neg_amp_uV	Stage Hour 8 - Average slow wave negative amplitude (µV) in N2 stage.
CRB	stage_h8_N2_neg_sec	Stage Hour 8 - Average slow wave negative duration (s) in N2 stage.
CRC	stage_h8_N2_neg_peak_sec	Stage Hour 8 - Average slow wave duration (s) from onset to the negative peak in N2 stage.
CRD	stage_h8_N2_pos_sec	Stage Hour 8 - Average slow wave positive duration (s) in N2 stage.
CRE	stage_h8_N2_pos_peak_sec	Stage Hour 8 - Average slow wave duration (s) from onset to the positive peak in N2 stage.
CRF	stage_h8_N2_slope_0_min	Stage Hour 8 - Average slow wave slope (uV/s) from 0 to min of negative in N2 stage.
CRG	stage_h8_N2_slope_min_max	Stage Hour 8 - Average slow wave slope (uV/s) from min of negative to max of positive in N2 stage.
CRH	stage_h8_N2_slope_max_0	Stage Hour 8 - Average slow wave slope (uV/s) from max of positive to the 0 crossing in N2 stage.
CRI	stage_h8_N2_trans_freq_Hz	Stage Hour 8 - Average slow wave transition frequency (Hz) in N2 stage.
CRJ	stage_h8_N2_sw_density	Stage Hour 8 - Slow wave density (count/min) in N2 stage.
CRK	stage_h8_N3_valid_min	Stage Hour 8 - Valid (no artifact) duration (min) in N3 stage available for detection minus the REM periods if excluded.
CRL	stage_h8_N3_sw_count	Stage Hour 8 - Slow wave count in N3 stage.
CRM	stage_h8_N3_sw_sec	Stage Hour 8 - Average slow wave duration (s) in N3 stage.
CRN	stage_h8_N3_pkpk_amp_uV	Stage Hour 8 - Average slow wave peak-to-peak amplitude (µV) in N3 stage.
CRO	stage_h8_N3_freq_Hz	Stage Hour 8 - Average slow wave frequency (Hz) in N3 stage.
CRP	stage_h8_N3_neg_amp_uV	Stage Hour 8 - Average slow wave negative amplitude (µV) in N3 stage.
CRQ	stage_h8_N3_neg_sec	Stage Hour 8 - Average slow wave negative duration (s) in N3 stage.
CRR	stage_h8_N3_neg_peak_sec	Stage Hour 8 - Average slow wave duration (s) from onset to the negative peak in N3 stage.
CRS	stage_h8_N3_pos_sec	Stage Hour 8 - Average slow wave positive duration (s) in N3 stage.
CRT	stage_h8_N3_pos_peak_sec	Stage Hour 8 - Average slow wave duration (s) from onset to the positive peak in N3 stage.
CRU	stage_h8_N3_slope_0_min	Stage Hour 8 - Average slow wave slope (uV/s) from 0 to min of negative in N3 stage.
CRV	stage_h8_N3_slope_min_max	Stage Hour 8 - Average slow wave slope (uV/s) from min of negative to max of positive in N3 stage.
CRW	stage_h8_N3_slope_max_0	Stage Hour 8 - Average slow wave slope (uV/s) from max of positive to the 0 crossing in N3 stage.
CRX	stage_h8_N3_trans_freq_Hz	Stage Hour 8 - Average slow wave transition frequency (Hz) in N3 stage.
CRY	stage_h8_N3_sw_density	Stage Hour 8 - Slow wave density (count/min) in N3 stage.
CRZ	stage_h8_N2N3_valid_min	Stage Hour 8 - Valid (no artifact) duration (min) in N2 and N3 stage available for detection minus the REM periods if excluded.
CSA	stage_h8_N2N3_sw_count	Stage Hour 8 - Slow wave count in N2 and N3 stage.
CSB	stage_h8_N2N3_sw_sec	Stage Hour 8 - Average slow wave duration (s) in N2 and N3 stage.
CSC	stage_h8_N2N3_pkpk_amp_uV	Stage Hour 8 - Average slow wave peak-to-peak amplitude (µV) in N2 and N3 stage.
CSD	stage_h8_N2N3_freq_Hz	Stage Hour 8 - Average slow wave frequency (Hz) in N2 and N3 stage.
CSE	stage_h8_N2N3_neg_amp_uV	Stage Hour 8 - Average slow wave negative amplitude (µV) in N2 and N3 stage.
CSF	stage_h8_N2N3_neg_sec	Stage Hour 8 - Average slow wave negative duration (s) in N2 and N3 stage.
CSG	stage_h8_N2N3_neg_peak_sec	Stage Hour 8 - Average slow wave duration (s) from onset to the negative peak in N2 and N3 stage.
CSH	stage_h8_N2N3_pos_sec	Stage Hour 8 - Average slow wave positive duration (s) in N2 and N3 stage.
CSI	stage_h8_N2N3_pos_peak_sec	Stage Hour 8 - Average slow wave duration (s) from onset to the positive peak in N2 and N3 stage.
CSJ	stage_h8_N2N3_slope_0_min	Stage Hour 8 - Average slow wave slope (uV/s) from 0 to min of negative in N2 and N3 stage.
CSK	stage_h8_N2N3_slope_min_max	Stage Hour 8 - Average slow wave slope (uV/s) from min of negative to max of positive in N2 and N3 stage.
CSL	stage_h8_N2N3_slope_max_0	Stage Hour 8 - Average slow wave slope (uV/s) from max of positive to the 0 crossing in N2 and N3 stage.
CSM	stage_h8_N2N3_trans_freq_Hz	Stage Hour 8 - Average slow wave transition frequency (Hz) in N2 and N3 stage.
CSN	stage_h8_N2N3_sw_density	Stage Hour 8 - Slow wave density (count/min) in N2 and N3 stage.
CSO	stage_h8_NREM_valid_min	Stage Hour 8 - Valid (no artifact) duration (min) in NREM stage (N1, N2, N3) available for detection minus the REM periods if excluded.
CSP	stage_h8_NREM_sw_count	Stage Hour 8 - Slow wave count in NREM stage (N1, N2, N3).
CSQ	stage_h8_NREM_sw_sec	Stage Hour 8 - Average slow wave duration (s) in NREM stage (N1, N2, N3).
CSR	stage_h8_NREM_pkpk_amp_uV	Stage Hour 8 - Average slow wave peak-to-peak amplitude (µV) in NREM stage (N1, N2, N3).
CSS	stage_h8_NREM_freq_Hz	Stage Hour 8 - Average slow wave frequency (Hz) in NREM stage (N1, N2, N3).
CST	stage_h8_NREM_neg_amp_uV	Stage Hour 8 - Average slow wave negative amplitude (µV) in NREM stage (N1, N2, N3).
CSU	stage_h8_NREM_neg_sec	Stage Hour 8 - Average slow wave negative duration (s) in NREM stage (N1, N2, N3).
CSV	stage_h8_NREM_neg_peak_sec	Stage Hour 8 - Average slow wave duration (s) from onset to the negative peak in NREM stage (N1, N2, N3).
CSW	stage_h8_NREM_pos_sec	Stage Hour 8 - Average slow wave positive duration (s) in NREM stage (N1, N2, N3).
CSX	stage_h8_NREM_pos_peak_sec	Stage Hour 8 - Average slow wave duration (s) from onset to the positive peak in NREM stage (N1, N2, N3).
CSY	stage_h8_NREM_slope_0_min	Stage Hour 8 - Average slow wave slope (uV/s) from 0 to min of negative in NREM stage (N1, N2, N3).
CSZ	stage_h8_NREM_slope_min_max	Stage Hour 8 - Average slow wave slope (uV/s) from min of negative to max of positive in NREM stage (N1, N2, N3).
CTA	stage_h8_NREM_slope_max_0	Stage Hour 8 - Average slow wave slope (uV/s) from max of positive to the 0 crossing in NREM stage (N1, N2, N3).
CTB	stage_h8_NREM_trans_freq_Hz	Stage Hour 8 - Average slow wave transition frequency (Hz) in NREM stage (N1, N2, N3).
CTC	stage_h8_NREM_sw_density	Stage Hour 8 - Slow wave density (count/min) in NREM stage (N1, N2, N3).
CTD	stage_h8_R_valid_min	Stage Hour 8 - Valid (no artifact) duration (min) in REM stage available for detection.
CTE	stage_h8_R_sw_count	Stage Hour 8 - Slow wave count in REM stage.
CTF	stage_h8_R_sw_sec	Stage Hour 8 - Average slow wave duration (s) in REM stage.
CTG	stage_h8_R_pkpk_amp_uV	Stage Hour 8 - Average slow wave peak-to-peak amplitude (µV) in REM stage.
CTH	stage_h8_R_freq_Hz	Stage Hour 8 - Average slow wave frequency (Hz) in REM stage.
CTI	stage_h8_R_neg_amp_uV	Stage Hour 8 - Average slow wave negative amplitude (µV) in REM stage.
CTJ	stage_h8_R_neg_sec	Stage Hour 8 - Average slow wave negative duration (s) in REM stage.
CTK	stage_h8_R_neg_peak_sec	Stage Hour 8 - Average slow wave duration (s) from onset to the negative peak in REM stage.
CTL	stage_h8_R_pos_sec	Stage Hour 8 - Average slow wave positive duration (s) in REM stage.
CTM	stage_h8_R_pos_peak_sec	Stage Hour 8 - Average slow wave duration (s) from onset to the positive peak in REM stage.
CTN	stage_h8_R_slope_0_min	Stage Hour 8 - Average slow wave slope (uV/s) from 0 to min of negative in REM stage.
CTO	stage_h8_R_slope_min_max	Stage Hour 8 - Average slow wave slope (uV/s) from min of negative to max of positive in REM stage.
CTP	stage_h8_R_slope_max_0	Stage Hour 8 - Average slow wave slope (uV/s) from max of positive to the 0 crossing in REM stage.
CTQ	stage_h8_R_trans_freq_Hz	Stage Hour 8 - Average slow wave transition frequency (Hz) in REM stage.
CTR	stage_h8_R_sw_density	Stage Hour 8 - Slow wave density (count/min) in REM stage.
CTS	stage_h9_min	Stage Hour 9 duration (min) minus the REM periods if excluded.
CTT	stage_h9_sw_count	Stage Hour 9 - Slow wave count in all stages.
CTU	stage_h9_sw_sec	Stage Hour 9 - Average slow wave duration (s) in all stages.
CTV	stage_h9_pkpk_amp_uV	Stage Hour 9 - Average slow wave peak-to-peak amplitude (µV) in all stages.
CTW	stage_h9_freq_Hz	Stage Hour 9 - Average slow wave frequency (Hz) in all stages.
CTX	stage_h9_neg_amp_uV	Stage Hour 9 - Average slow wave negative amplitude (µV) in all stages.
CTY	stage_h9_neg_sec	Stage Hour 9 - Average slow wave negative duration (s) in all stages.
CTZ	stage_h9_neg_peak_sec	Stage Hour 9 - Average slow wave duration (s) from onset to the negative peak in all stages.
CUA	stage_h9_pos_sec	Stage Hour 9 - Average slow wave positive duration (s) in all stages.
CUB	stage_h9_pos_peak_sec	Stage Hour 9 - Average slow wave duration (s) from onset to the positive peak in all stages.
CUC	stage_h9_slope_0_min	Stage Hour 9 - Average slow wave slope (uV/s) from 0 to min of negative in all stages.
CUD	stage_h9_slope_min_max	Stage Hour 9 - Average slow wave slope (uV/s) from min of negative to max of positive in all stages.
CUE	stage_h9_slope_max_0	Stage Hour 9 - Average slow wave slope (uV/s) from max of positive to the 0 crossing in all stages.
CUF	stage_h9_trans_freq_Hz	Stage Hour 9 - Average slow wave transition frequency (Hz) in all stages.
CUG	stage_h9_sw_density	Stage Hour 9 - Slow wave density (count/min) in all stages.
CUH	stage_h9_N1_valid_min	Stage Hour 9 - Valid (no artifact) duration (min) in N1 stage available for detection minus the REM periods if excluded.
CUI	stage_h9_N1_sw_count	Stage Hour 9 - Slow wave count in N1 stage.
CUJ	stage_h9_N1_sw_sec	Stage Hour 9 - Average slow wave duration (s) in N1 stage.
CUK	stage_h9_N1_pkpk_amp_uV	Stage Hour 9 - Average slow wave peak-to-peak amplitude (µV) in N1 stage.
CUL	stage_h9_N1_freq_Hz	Stage Hour 9 - Average slow wave frequency (Hz) in N1 stage.
CUM	stage_h9_N1_neg_amp_uV	Stage Hour 9 - Average slow wave negative amplitude (µV) in N1 stage.
CUN	stage_h9_N1_neg_sec	Stage Hour 9 - Average slow wave negative duration (s) in N1 stage.
CUO	stage_h9_N1_neg_peak_sec	Stage Hour 9 - Average slow wave duration (s) from onset to the negative peak in N1 stage.
CUP	stage_h9_N1_pos_sec	Stage Hour 9 - Average slow wave positive duration (s) in N1 stage.
CUQ	stage_h9_N1_pos_peak_sec	Stage Hour 9 - Average slow wave duration (s) from onset to the positive peak in N1 stage.
CUR	stage_h9_N1_slope_0_min	Stage Hour 9 - Average slow wave slope (uV/s) from 0 to min of negative in N1 stage.
CUS	stage_h9_N1_slope_min_max	Stage Hour 9 - Average slow wave slope (uV/s) from min of negative to max of positive in N1 stage.
CUT	stage_h9_N1_slope_max_0	Stage Hour 9 - Average slow wave slope (uV/s) from max of positive to the 0 crossing in N1 stage.
CUU	stage_h9_N1_trans_freq_Hz	Stage Hour 9 - Average slow wave transition frequency (Hz) in N1 stage.
CUV	stage_h9_N1_sw_density	Stage Hour 9 - Slow wave density (count/min) in N1 stage.
CUW	stage_h9_N2_valid_min	Stage Hour 9 - Valid (no artifact) duration (min) in N2 stage available for detection minus the REM periods if excluded.
CUX	stage_h9_N2_sw_count	Stage Hour 9 - Slow wave count in N2 stage.
CUY	stage_h9_N2_sw_sec	Stage Hour 9 - Average slow wave duration (s) in N2 stage.
CUZ	stage_h9_N2_pkpk_amp_uV	Stage Hour 9 - Average slow wave peak-to-peak amplitude (µV) in N2 stage.
CVA	stage_h9_N2_freq_Hz	Stage Hour 9 - Average slow wave frequency (Hz) in N2 stage.
CVB	stage_h9_N2_neg_amp_uV	Stage Hour 9 - Average slow wave negative amplitude (µV) in N2 stage.
CVC	stage_h9_N2_neg_sec	Stage Hour 9 - Average slow wave negative duration (s) in N2 stage.
CVD	stage_h9_N2_neg_peak_sec	Stage Hour 9 - Average slow wave duration (s) from onset to the negative peak in N2 stage.
CVE	stage_h9_N2_pos_sec	Stage Hour 9 - Average slow wave positive duration (s) in N2 stage.
CVF	stage_h9_N2_pos_peak_sec	Stage Hour 9 - Average slow wave duration (s) from onset to the positive peak in N2 stage.
CVG	stage_h9_N2_slope_0_min	Stage Hour 9 - Average slow wave slope (uV/s) from 0 to min of negative in N2 stage.
CVH	stage_h9_N2_slope_min_max	Stage Hour 9 - Average slow wave slope (uV/s) from min of negative to max of positive in N2 stage.
CVI	stage_h9_N2_slope_max_0	Stage Hour 9 - Average slow wave slope (uV/s) from max of positive to the 0 crossing in N2 stage.
CVJ	stage_h9_N2_trans_freq_Hz	Stage Hour 9 - Average slow wave transition frequency (Hz) in N2 stage.
CVK	stage_h9_N2_sw_density	Stage Hour 9 - Slow wave density (count/min) in N2 stage.
CVL	stage_h9_N3_valid_min	Stage Hour 9 - Valid (no artifact) duration (min) in N3 stage available for detection minus the REM periods if excluded.
CVM	stage_h9_N3_sw_count	Stage Hour 9 - Slow wave count in N3 stage.
CVN	stage_h9_N3_sw_sec	Stage Hour 9 - Average slow wave duration (s) in N3 stage.
CVO	stage_h9_N3_pkpk_amp_uV	Stage Hour 9 - Average slow wave peak-to-peak amplitude (µV) in N3 stage.
CVP	stage_h9_N3_freq_Hz	Stage Hour 9 - Average slow wave frequency (Hz) in N3 stage.
CVQ	stage_h9_N3_neg_amp_uV	Stage Hour 9 - Average slow wave negative amplitude (µV) in N3 stage.
CVR	stage_h9_N3_neg_sec	Stage Hour 9 - Average slow wave negative duration (s) in N3 stage.
CVS	stage_h9_N3_neg_peak_sec	Stage Hour 9 - Average slow wave duration (s) from onset to the negative peak in N3 stage.
CVT	stage_h9_N3_pos_sec	Stage Hour 9 - Average slow wave positive duration (s) in N3 stage.
CVU	stage_h9_N3_pos_peak_sec	Stage Hour 9 - Average slow wave duration (s) from onset to the positive peak in N3 stage.
CVV	stage_h9_N3_slope_0_min	Stage Hour 9 - Average slow wave slope (uV/s) from 0 to min of negative in N3 stage.
CVW	stage_h9_N3_slope_min_max	Stage Hour 9 - Average slow wave slope (uV/s) from min of negative to max of positive in N3 stage.
CVX	stage_h9_N3_slope_max_0	Stage Hour 9 - Average slow wave slope (uV/s) from max of positive to the 0 crossing in N3 stage.
CVY	stage_h9_N3_trans_freq_Hz	Stage Hour 9 - Average slow wave transition frequency (Hz) in N3 stage.
CVZ	stage_h9_N3_sw_density	Stage Hour 9 - Slow wave density (count/min) in N3 stage.
CWA	stage_h9_N2N3_valid_min	Stage Hour 9 - Valid (no artifact) duration (min) in N2 and N3 stage available for detection minus the REM periods if excluded.
CWB	stage_h9_N2N3_sw_count	Stage Hour 9 - Slow wave count in N2 and N3 stage.
CWC	stage_h9_N2N3_sw_sec	Stage Hour 9 - Average slow wave duration (s) in N2 and N3 stage.
CWD	stage_h9_N2N3_pkpk_amp_uV	Stage Hour 9 - Average slow wave peak-to-peak amplitude (µV) in N2 and N3 stage.
CWE	stage_h9_N2N3_freq_Hz	Stage Hour 9 - Average slow wave frequency (Hz) in N2 and N3 stage.
CWF	stage_h9_N2N3_neg_amp_uV	Stage Hour 9 - Average slow wave negative amplitude (µV) in N2 and N3 stage.
CWG	stage_h9_N2N3_neg_sec	Stage Hour 9 - Average slow wave negative duration (s) in N2 and N3 stage.
CWH	stage_h9_N2N3_neg_peak_sec	Stage Hour 9 - Average slow wave duration (s) from onset to the negative peak in N2 and N3 stage.
CWI	stage_h9_N2N3_pos_sec	Stage Hour 9 - Average slow wave positive duration (s) in N2 and N3 stage.
CWJ	stage_h9_N2N3_pos_peak_sec	Stage Hour 9 - Average slow wave duration (s) from onset to the positive peak in N2 and N3 stage.
CWK	stage_h9_N2N3_slope_0_min	Stage Hour 9 - Average slow wave slope (uV/s) from 0 to min of negative in N2 and N3 stage.
CWL	stage_h9_N2N3_slope_min_max	Stage Hour 9 - Average slow wave slope (uV/s) from min of negative to max of positive in N2 and N3 stage.
CWM	stage_h9_N2N3_slope_max_0	Stage Hour 9 - Average slow wave slope (uV/s) from max of positive to the 0 crossing in N2 and N3 stage.
CWN	stage_h9_N2N3_trans_freq_Hz	Stage Hour 9 - Average slow wave transition frequency (Hz) in N2 and N3 stage.
CWO	stage_h9_N2N3_sw_density	Stage Hour 9 - Slow wave density (count/min) in N2 and N3 stage.
CWP	stage_h9_NREM_valid_min	Stage Hour 9 - Valid (no artifact) duration (min) in NREM stage (N1, N2, N3) available for detection minus the REM periods if excluded.
CWQ	stage_h9_NREM_sw_count	Stage Hour 9 - Slow wave count in NREM stage (N1, N2, N3).
CWR	stage_h9_NREM_sw_sec	Stage Hour 9 - Average slow wave duration (s) in NREM stage (N1, N2, N3).
CWS	stage_h9_NREM_pkpk_amp_uV	Stage Hour 9 - Average slow wave peak-to-peak amplitude (µV) in NREM stage (N1, N2, N3).
CWT	stage_h9_NREM_freq_Hz	Stage Hour 9 - Average slow wave frequency (Hz) in NREM stage (N1, N2, N3).
CWU	stage_h9_NREM_neg_amp_uV	Stage Hour 9 - Average slow wave negative amplitude (µV) in NREM stage (N1, N2, N3).
CWV	stage_h9_NREM_neg_sec	Stage Hour 9 - Average slow wave negative duration (s) in NREM stage (N1, N2, N3).
CWW	stage_h9_NREM_neg_peak_sec	Stage Hour 9 - Average slow wave duration (s) from onset to the negative peak in NREM stage (N1, N2, N3).
CWX	stage_h9_NREM_pos_sec	Stage Hour 9 - Average slow wave positive duration (s) in NREM stage (N1, N2, N3).
CWY	stage_h9_NREM_pos_peak_sec	Stage Hour 9 - Average slow wave duration (s) from onset to the positive peak in NREM stage (N1, N2, N3).
CWZ	stage_h9_NREM_slope_0_min	Stage Hour 9 - Average slow wave slope (uV/s) from 0 to min of negative in NREM stage (N1, N2, N3).
CXA	stage_h9_NREM_slope_min_max	Stage Hour 9 - Average slow wave slope (uV/s) from min of negative to max of positive in NREM stage (N1, N2, N3).
CXB	stage_h9_NREM_slope_max_0	Stage Hour 9 - Average slow wave slope (uV/s) from max of positive to the 0 crossing in NREM stage (N1, N2, N3).
CXC	stage_h9_NREM_trans_freq_Hz	Stage Hour 9 - Average slow wave transition frequency (Hz) in NREM stage (N1, N2, N3).
CXD	stage_h9_NREM_sw_density	Stage Hour 9 - Slow wave density (count/min) in NREM stage (N1, N2, N3).
CXE	stage_h9_R_valid_min	Stage Hour 9 - Valid (no artifact) duration (min) in REM stage available for detection.
CXF	stage_h9_R_sw_count	Stage Hour 9 - Slow wave count in REM stage.
CXG	stage_h9_R_sw_sec	Stage Hour 9 - Average slow wave duration (s) in REM stage.
CXH	stage_h9_R_pkpk_amp_uV	Stage Hour 9 - Average slow wave peak-to-peak amplitude (µV) in REM stage.
CXI	stage_h9_R_freq_Hz	Stage Hour 9 - Average slow wave frequency (Hz) in REM stage.
CXJ	stage_h9_R_neg_amp_uV	Stage Hour 9 - Average slow wave negative amplitude (µV) in REM stage.
CXK	stage_h9_R_neg_sec	Stage Hour 9 - Average slow wave negative duration (s) in REM stage.
CXL	stage_h9_R_neg_peak_sec	Stage Hour 9 - Average slow wave duration (s) from onset to the negative peak in REM stage.
CXM	stage_h9_R_pos_sec	Stage Hour 9 - Average slow wave positive duration (s) in REM stage.
CXN	stage_h9_R_pos_peak_sec	Stage Hour 9 - Average slow wave duration (s) from onset to the positive peak in REM stage.
CXO	stage_h9_R_slope_0_min	Stage Hour 9 - Average slow wave slope (uV/s) from 0 to min of negative in REM stage.
CXP	stage_h9_R_slope_min_max	Stage Hour 9 - Average slow wave slope (uV/s) from min of negative to max of positive in REM stage.
CXQ	stage_h9_R_slope_max_0	Stage Hour 9 - Average slow wave slope (uV/s) from max of positive to the 0 crossing in REM stage.
CXR	stage_h9_R_trans_freq_Hz	Stage Hour 9 - Average slow wave transition frequency (Hz) in REM stage.
CXS	stage_h9_R_sw_density	Stage Hour 9 - Slow wave density (count/min) in REM stage.
